date,open,high,low,close,amount_yi,pe
2015-01-01,,,,4303.78,118.79,
2018-12-28,,,,4303.78,118.79,
2019-02-22,,,,5444.67,345.81,25.44
2019-02-25,,,,5750.86,445.59,26.96
2019-02-26,,,,5618.35,478.18,26.5
2019-02-27,,,,5558.34,350.24,26.2
2019-02-28,,,,5580.04,256.27,26.36
2019-03-01,,,,5590.19,234.12,26.4
2019-03-04,,,,5708.96,388.87,27.0
2019-03-05,,,,5936.09,382.6,27.74
2019-03-06,,,,6020.2,451.66,28.82
2019-03-07,,,,6010.37,431.74,29.2
2019-03-08,,,,5853.94,436.9,27.87
2019-03-11,,,,6077.03,381.42,28.88
2019-03-12,,,,6170.3,458.25,29.03
2019-03-13,,,,5881.56,410.45,27.68
2019-03-14,,,,5737.59,287.91,26.93
2019-03-15,,,,5715.33,213.36,26.89
2019-03-18,,,,5851.29,222.78,27.55
2019-03-19,,,,5858.16,239.64,27.62
2019-03-20,,,,5809.2,198.15,27.35
2019-03-21,,,,5864.3,238.95,27.68
2019-03-22,,,,5844.13,217.5,27.5
2019-03-25,,,,5837.93,253.11,27.2
2019-03-26,,,,5612.0,238.71,26.23
2019-03-27,,,,5580.53,198.44,26.17
2019-03-28,,,,5673.6,308.18,26.34
2019-03-29,,,,5759.51,292.78,26.92
2019-04-01,,,,5992.51,354.35,28.09
2019-04-02,,,,6011.5,384.15,28.44
2019-04-03,,,,6010.88,264.37,28.44
2019-04-04,,,,6003.79,247.64,28.26
2019-04-08,,,,5853.37,240.01,27.68
2019-04-09,,,,5984.23,245.01,28.4
2019-04-10,,,,6029.16,279.62,28.27
2019-04-11,,,,5864.86,224.34,27.63
2019-04-12,,,,5841.71,149.68,27.59
2019-04-15,,,,5853.72,213.12,27.54
2019-04-16,,,,6201.24,386.73,29.0
2019-04-17,,,,6222.59,407.87,29.93
2019-04-18,,,,6312.79,443.56,31.16
2019-04-19,,,,6399.53,423.88,30.34
2019-04-22,,,,6366.29,450.73,29.72
2019-04-23,,,,6156.76,331.22,29.15
2019-04-24,,,,6231.66,275.95,29.26
2019-04-25,,,,5970.36,296.92,27.98
2019-04-26,,,,5963.05,230.94,27.82
2019-04-29,,,,5679.86,252.81,26.52
2019-04-30,,,,5636.36,198.5,26.5
2019-05-06,,,,5098.69,204.25,25.69
2019-05-07,,,,5097.78,187.44,25.89
2019-05-08,,,,5070.46,162.88,25.67
2019-05-09,,,,5011.08,134.58,25.41
2019-05-10,,,,5294.74,244.07,26.59
2019-05-13,,,,5183.85,188.5,26.0
2019-05-14,,,,5169.25,203.85,25.78
2019-05-15,,,,5265.98,193.31,26.24
2019-05-16,,,,5223.4,207.52,26.03
2019-05-17,,,,5063.6,217.07,25.08
2019-05-20,,,,5115.86,209.06,25.37
2019-05-21,,,,5244.99,227.29,25.96
2019-05-22,,,,5317.98,269.48,26.13
2019-05-23,,,,5126.62,239.07,25.34
2019-05-24,,,,5017.8,161.7,24.92
2019-05-27,,,,5204.54,194.28,25.8
2019-05-28,,,,5191.81,191.56,25.78
2019-05-29,,,,5196.6,153.3,25.93
2019-05-30,,,,5110.28,157.61,25.62
2019-05-31,,,,5143.42,157.46,25.86
2019-06-03,,,,5207.08,239.16,25.78
2019-06-04,,,,5205.89,262.92,25.62
2019-06-05,,,,5291.12,238.26,25.81
2019-06-06,5262.7,5262.7,5015.57,5042.5,204.49,24.91
2019-06-10,5028.52,5177.21,5028.52,5143.57,190.72,24.54
2019-06-11,5142.84,5293.82,5065.9,5281.09,247.49,25.29
2019-06-12,5245.09,5337.08,5232.5,5289.99,228.47,25.2
2019-06-13,5263.41,5316.27,5228.12,5260.23,167.79,25.1
2019-06-14,5261.37,5286.93,5093.68,5102.1,159.1,24.48
2019-06-17,5096.48,5107.47,5047.65,5066.44,108.87,24.02
2019-06-18,5102.07,5115.81,5040.3,5079.9,116.59,24.05
2019-06-19,5247.89,5270.98,5155.21,5155.9,198.04,24.4
2019-06-20,5125.45,5251.84,5071.76,5226.11,202.15,24.65
2019-06-21,5259.2,5340.99,5259.2,5314.23,218.25,25.22
2019-06-24,5306.03,5316.54,5220.5,5256.63,153.01,25.0
2019-06-25,5243.12,5243.12,5129.56,5204.09,165.45,24.7
2019-06-26,5180.22,5268.74,5158.64,5215.3,138.72,24.8
2019-06-27,5238.8,5369.42,5238.73,5332.83,221.42,25.21
2019-06-28,5330.38,5330.38,5198.65,5232.77,148.81,24.79
2019-07-01,5407.18,5461.21,5373.03,5458.53,250.53,26.22
2019-07-02,5459.27,5471.47,5413.95,5436.05,184.52,26.15
2019-07-03,5417.37,5418.43,5322.17,5348.92,153.27,25.95
2019-07-04,5356.84,5376.6,5289.35,5320.59,117.76,25.76
2019-07-05,5322.6,5339.04,5297.94,5326.71,93.77,25.72
2019-07-08,5307.35,5307.81,5076.92,5095.6,135.48,24.63
2019-07-09,5089.64,5128.35,5025.73,5095.45,91.59,23.91
2019-07-10,5119.59,5133.12,5046.9,5087.72,86.08,23.86
2019-07-11,5125.8,5146.6,5047.98,5067.84,95.38,23.88
2019-07-12,5072.41,5078.76,5005.42,5055.27,80.24,23.83
2019-07-15,5019.05,5138.47,4945.35,5102.63,130.76,23.99
2019-07-16,5092.66,5182.96,5079.06,5159.4,126.85,24.12
2019-07-17,5156.36,5192.25,5133.11,5156.1,116.32,24.19
2019-07-18,5120.85,5120.85,5013.06,5013.13,109.6,23.48
2019-07-19,5020.09,5088.65,5020.09,5024.54,88.0,23.57
2019-07-22,5035.72,5051.69,4876.48,4887.19,98.4,22.98
2019-07-23,4888.69,4978.37,4888.68,4977.1,88.79,23.39
2019-07-24,5004.66,5149.46,5004.43,5120.2,168.5,24.2
2019-07-25,5125.88,5219.77,5119.62,5185.13,159.21,24.61
2019-07-26,5177.27,5203.87,5156.32,5193.71,116.6,24.52
2019-07-29,5199.47,5265.6,5193.67,5229.11,128.21,24.73
2019-07-30,5222.41,5289.63,5217.92,5230.81,122.88,24.79
2019-07-31,5232.48,5273.94,5220.74,5248.94,127.97,25.05
2019-08-01,5218.7,5255.16,5188.89,5236.55,124.06,24.88
2019-08-02,5077.8,5124.39,5045.16,5115.18,161.97,24.21
2019-08-05,5094.58,5204.25,5063.61,5063.61,137.87,23.91
2019-08-06,4937.59,4987.65,4798.68,4962.17,170.93,23.43
2019-08-07,4991.96,5017.63,4914.43,4914.43,128.8,23.24
2019-08-08,4928.98,4996.3,4918.8,4976.1,133.77,23.54
2019-08-09,5014.43,5027.29,4836.76,4857.0,197.41,23.2
2019-08-12,4860.65,5022.89,4830.9,5022.54,153.79,24.08
2019-08-13,4961.03,5030.08,4948.43,4992.0,147.73,24.35
2019-08-14,5098.37,5124.46,5020.0,5025.35,179.1,24.57
2019-08-15,4871.82,5091.03,4855.01,5087.88,170.22,25.12
2019-08-16,5078.14,5158.95,5070.86,5094.02,168.49,25.17
2019-08-19,5191.26,5358.89,5178.79,5333.56,259.34,26.39
2019-08-20,5367.16,5409.68,5323.2,5339.1,210.36,26.21
2019-08-21,5329.03,5385.25,5287.11,5362.02,196.03,26.51
2019-08-22,5367.76,5400.06,5297.29,5356.22,191.67,26.3
2019-08-23,5347.82,5369.07,5251.35,5287.8,159.51,26.17
2019-08-26,5138.68,5221.65,5133.37,5217.06,149.85,25.53
2019-08-27,5255.45,5354.26,5244.45,5310.9,179.1,25.92
2019-08-28,5306.29,5344.38,5279.76,5311.68,190.28,25.41
2019-08-29,5316.84,5346.85,5280.44,5297.3,187.51,25.57
2019-08-30,5331.37,5349.59,5156.33,5179.56,201.16,25.07
2019-09-02,5192.48,5340.04,5192.37,5336.35,169.02,26.99
2019-09-03,5368.6,5500.02,5355.16,5499.7,243.36,27.81
2019-09-04,5509.89,5572.86,5489.45,5570.66,215.14,28.12
2019-09-05,5644.41,5794.13,5615.79,5681.8,367.64,28.58
2019-09-06,5739.37,5903.61,5738.37,5833.02,404.81,29.28
2019-09-09,5891.27,6128.4,5847.95,6128.4,437.44,30.45
2019-09-10,6128.67,6137.3,5965.16,6014.98,386.52,29.96
2019-09-11,6035.93,6047.73,5913.73,5924.87,266.92,29.64
2019-09-12,5961.41,5999.02,5912.0,5990.33,223.59,29.9
2019-09-16,6013.27,6059.47,5934.31,6016.48,235.41,29.73
2019-09-17,5981.56,5981.69,5802.53,5861.18,237.4,28.81
2019-09-18,5877.29,5894.5,5814.09,5837.99,203.88,28.84
2019-09-19,5850.43,5995.93,5842.08,5995.32,236.35,29.45
2019-09-20,6019.57,6073.44,5980.38,6003.1,241.5,29.47
2019-09-23,5970.29,5999.29,5903.35,5999.29,215.41,29.23
2019-09-24,6001.88,6131.56,5997.65,6073.38,276.88,30.24
2019-09-25,6023.61,6029.14,5886.69,5900.64,236.62,29.52
2019-09-26,5924.97,5939.74,5632.69,5632.69,228.83,28.39
2019-09-27,5633.21,5770.59,5633.06,5723.72,162.15,28.73
2019-09-30,5723.3,5750.35,5607.9,5609.26,132.4,27.94
2019-10-08,5620.32,5676.34,5529.47,5537.31,128.84,27.81
2019-10-09,5499.36,5599.55,5436.01,5599.55,124.32,27.84
2019-10-10,5619.2,5739.96,5604.73,5730.49,180.2,28.51
2019-10-11,5740.31,5753.33,5652.31,5711.64,158.42,28.57
2019-10-14,5788.6,5823.33,5772.02,5789.96,179.04,29.02
2019-10-15,5744.1,5744.1,5625.79,5629.55,141.47,28.28
2019-10-16,5644.95,5658.28,5572.27,5576.67,130.02,28.07
2019-10-17,5578.8,5614.06,5559.14,5586.24,108.08,28.34
2019-10-18,5599.49,5656.78,5507.84,5523.8,139.68,28.17
2019-10-21,5511.74,5512.2,5400.58,5490.75,102.92,28.06
2019-10-22,5505.53,5572.75,5504.78,5572.75,114.3,28.65
2019-10-23,5568.44,5591.67,5524.0,5533.37,120.87,28.68
2019-10-24,5517.91,5539.46,5458.22,5509.19,98.86,28.62
2019-10-25,5506.49,5587.35,5454.46,5574.12,123.59,28.71
2019-10-28,5615.73,5716.21,5615.73,5712.0,165.07,29.25
2019-10-29,5708.99,5720.27,5606.45,5606.45,179.08,28.73
2019-10-30,5563.3,5619.8,5496.42,5553.49,126.81,28.61
2019-10-31,5580.29,5614.83,5519.04,5524.03,130.05,28.31
2019-11-01,5517.95,5596.57,5500.33,5574.08,132.9,27.55
2019-11-04,5596.53,5712.8,5591.47,5673.54,165.92,27.99
2019-11-05,5676.49,5704.59,5617.39,5691.36,139.51,29.01
2019-11-06,5680.32,5703.32,5581.85,5603.49,135.81,28.52
2019-11-07,5604.44,5644.21,5585.81,5633.92,110.79,28.5
2019-11-08,5667.17,5738.06,5648.92,5653.27,159.57,28.88
2019-11-11,5606.27,5606.27,5509.0,5519.49,127.61,28.17
2019-11-12,5511.68,5527.5,5400.45,5502.55,123.83,28.21
2019-11-13,5489.92,5541.69,5442.41,5518.49,99.56,28.23
2019-11-14,5517.15,5613.37,5504.74,5589.84,130.85,28.63
2019-11-15,5575.57,5602.21,5488.6,5488.6,151.09,28.27
2019-11-18,5470.12,5533.39,5468.07,5522.13,109.26,28.3
2019-11-19,5519.03,5629.66,5501.59,5629.66,144.58,28.78
2019-11-20,5625.71,5644.93,5566.26,5573.72,126.38,28.63
2019-11-21,5531.26,5588.09,5509.73,5582.41,122.53,29.0
2019-11-22,5602.99,5705.04,5526.07,5551.24,167.57,28.94
2019-11-25,5541.35,5545.75,5421.5,5436.88,130.8,28.19
2019-11-26,5459.86,5502.13,5420.83,5446.98,102.17,28.37
2019-11-27,5425.49,5544.93,5404.17,5515.21,115.99,28.74
2019-11-28,5504.29,5558.8,5489.82,5512.91,96.05,28.7
2019-11-29,5510.21,5528.68,5470.64,5523.46,92.46,28.85
2019-12-02,5530.6,5594.58,5518.14,5561.8,95.3,29.21
2019-12-03,5533.75,5611.18,5517.69,5611.18,100.39,29.43
2019-12-04,5566.16,5601.35,5546.54,5589.86,98.3,29.26
2019-12-05,5604.4,5737.27,5599.86,5691.47,170.51,29.76
2019-12-06,5692.42,5752.68,5680.89,5752.59,149.13,29.82
2019-12-09,5754.95,5789.62,5738.43,5754.57,148.64,30.16
2019-12-10,5742.98,5843.36,5718.31,5834.53,166.91,30.53
2019-12-11,5838.17,5889.73,5790.3,5820.05,169.57,30.51
2019-12-12,5826.46,5906.85,5806.49,5848.24,185.44,30.63
2019-12-13,5915.44,5930.68,5817.44,5882.16,208.49,31.33
2019-12-16,5893.67,5988.32,5881.6,5988.32,224.56,32.26
2019-12-17,5999.19,6100.2,5996.16,6075.03,277.47,32.52
2019-12-18,6119.65,6161.33,6058.19,6076.58,298.09,32.42
2019-12-19,6077.77,6100.8,5998.77,6044.63,220.9,31.89
2019-12-20,6037.81,6058.58,5922.63,5922.63,189.66,31.42
2019-12-23,5871.49,5882.49,5744.73,5744.73,167.84,30.8
2019-12-24,5772.76,5835.87,5751.39,5834.01,129.46,31.15
2019-12-25,5827.08,5940.97,5817.59,5909.83,164.51,31.54
2019-12-26,5911.49,5932.54,5867.86,5915.41,122.33,31.53
2019-12-27,5935.05,5976.41,5833.9,5837.44,173.29,30.99
2019-12-30,5799.31,5897.75,5708.99,5881.92,157.04,31.21
2019-12-31,5884.55,5950.68,5872.93,5923.18,157.18,31.71
2020-01-02,5961.96,6053.22,5931.84,6039.06,197.47,32.21
2020-01-03,6076.28,6123.22,6021.43,6069.79,232.39,32.2
2020-01-06,6024.15,6175.28,6002.25,6111.28,239.31,32.19
2020-01-07,6122.41,6148.59,6075.76,6146.67,218.25,32.29
2020-01-08,6110.22,6125.83,6002.91,6020.17,212.84,31.67
2020-01-09,6080.83,6218.31,6080.83,6216.85,263.44,32.84
2020-01-10,6244.41,6280.94,6182.38,6230.1,236.63,32.86
2020-01-13,6213.0,6369.66,6196.4,6369.66,241.85,33.79
2020-01-14,6382.63,6391.82,6277.93,6282.15,229.92,33.29
2020-01-15,6274.87,6326.71,6225.03,6306.88,187.18,33.61
2020-01-16,6300.78,6353.84,6280.39,6291.53,188.16,33.5
2020-01-17,6312.07,6378.18,6283.58,6311.62,199.85,33.85
2020-01-20,6335.44,6500.92,6317.27,6500.81,233.51,34.88
2020-01-21,6493.46,6522.14,6412.3,6423.54,221.47,34.58
2020-01-22,6353.99,6560.92,6294.38,6538.72,261.85,35.9
2020-01-23,6422.3,6499.77,6155.89,6237.12,269.16,34.34
2020-02-03,5621.76,5689.34,5621.76,5659.25,125.1,31.17
2020-02-04,5355.55,5705.46,5355.55,5668.05,277.8,31.59
2020-02-05,5692.47,5913.46,5690.73,5776.83,266.62,32.23
2020-02-06,5755.42,5936.0,5731.21,5905.62,246.8,32.82
2020-02-07,5913.5,6002.92,5861.49,6002.92,254.52,33.4
2020-02-10,5967.09,6048.13,5949.14,6048.0,242.67,33.36
2020-02-11,6066.92,6099.1,5983.24,6042.59,218.92,33.53
2020-02-12,6012.64,6135.75,5992.5,6133.11,219.93,33.8
2020-02-13,6134.29,6187.25,6048.47,6074.52,242.96,33.33
2020-02-14,6049.51,6187.11,6026.47,6084.65,249.0,33.25
2020-02-17,6171.9,6403.17,6171.9,6402.98,353.18,34.92
2020-02-18,6411.3,6494.72,6346.58,6494.72,357.57,35.11
2020-02-19,6458.12,6614.24,6433.54,6477.57,364.05,34.94
2020-02-20,6508.28,6626.29,6413.67,6616.14,346.35,35.65
2020-02-21,6637.82,6870.41,6630.48,6813.37,428.39,36.75
2020-02-24,6902.1,7290.05,6902.1,7274.9,555.37,39.02
2020-02-25,7164.06,7606.88,6977.54,7560.65,771.69,40.34
2020-02-26,7394.29,7524.74,7088.65,7142.97,617.1,38.0
2020-02-27,7201.25,7303.4,6958.08,7111.62,424.41,37.85
2020-02-28,6720.78,6898.38,6620.82,6665.63,422.37,35.35
2020-03-02,6818.36,7125.49,6732.45,7061.49,463.84,37.21
2020-03-03,7294.08,7345.85,6970.72,7039.8,548.45,37.01
2020-03-04,6953.51,7079.72,6758.46,6959.79,387.99,36.23
2020-03-05,7191.17,7218.72,6922.05,7020.62,435.66,36.53
2020-03-06,6871.45,7026.29,6853.35,6956.17,295.69,36.13
2020-03-09,6827.49,7082.65,6760.43,6764.08,454.08,34.9
2020-03-10,6714.24,7232.52,6625.18,7232.52,607.91,36.95
2020-03-11,7309.39,7493.83,7109.09,7120.06,653.64,36.33
2020-03-12,6977.84,7159.53,6964.07,7159.53,476.05,36.13
2020-03-13,6824.53,7258.56,6823.39,7128.57,530.29,35.73
2020-03-16,7094.29,7100.28,6557.23,6575.78,568.27,33.03
2020-03-17,6662.23,6695.39,6248.67,6512.26,451.93,32.41
2020-03-18,6566.96,6690.15,6293.86,6295.04,423.39,31.48
2020-03-19,6302.48,6599.94,6207.25,6534.11,413.85,32.4
2020-03-20,6607.55,6630.35,6435.22,6565.07,342.61,32.54
2020-03-23,6349.0,6591.65,6284.29,6330.33,337.68,31.23
2020-03-24,6489.56,6504.77,6146.44,6443.87,370.11,31.94
2020-03-25,6595.68,6604.81,6495.64,6561.47,362.31,32.68
2020-03-26,6425.88,6464.32,6315.9,6332.7,298.38,31.49
2020-03-27,6432.34,6440.0,6216.57,6219.79,246.18,30.95
2020-03-30,6054.65,6063.15,5853.59,5957.28,262.99,29.87
2020-03-31,6056.54,6063.52,5878.75,5884.94,214.35,29.82
2020-04-01,5852.1,6020.04,5830.6,5849.28,214.1,29.74
2020-04-02,5846.58,6123.7,5846.58,6123.64,260.81,31.14
2020-04-03,6070.25,6077.72,5947.22,5977.14,220.71,30.56
2020-04-07,6138.18,6178.8,6092.89,6159.01,249.03,31.29
2020-04-08,6120.4,6293.73,6103.95,6260.97,273.55,31.57
2020-04-09,6312.51,6342.97,6260.03,6293.54,235.57,31.5
2020-04-10,6266.81,6266.81,6000.6,6021.54,280.43,30.25
2020-04-13,5938.1,5950.42,5820.09,5840.47,192.11,29.29
2020-04-14,5899.37,6000.9,5891.0,6000.9,188.99,30.26
2020-04-15,6003.85,6075.83,5964.53,5973.49,212.97,30.3
2020-04-16,5923.07,6030.75,5887.79,6012.87,170.21,30.51
2020-04-17,6070.38,6147.4,6007.87,6022.75,243.72,30.53
2020-04-20,6017.02,6123.95,6011.49,6123.67,213.53,31.05
2020-04-21,6086.07,6110.11,5997.48,6107.69,205.35,30.78
2020-04-22,6052.32,6132.85,6036.14,6126.96,164.57,30.88
2020-04-23,6150.25,6152.0,5983.42,5985.88,170.68,30.28
2020-04-24,5985.89,6040.56,5855.81,5870.05,173.49,29.8
2020-04-27,5897.11,5952.74,5844.53,5892.7,148.38,29.98
2020-04-28,5882.16,5883.71,5586.62,5805.89,206.75,29.92
2020-04-29,5771.53,5839.46,5765.19,5782.58,141.66,29.82
2020-04-30,5834.92,6089.49,5834.8,6058.75,259.3,31.24
2020-05-06,6025.19,6239.86,6018.67,6236.31,269.93,31.43
2020-05-07,6325.3,6400.11,6203.32,6207.91,282.24,31.1
2020-05-08,6275.28,6360.3,6261.66,6323.05,250.3,31.64
2020-05-11,6389.12,6451.19,6339.01,6394.13,264.55,31.97
2020-05-12,6382.92,6383.13,6217.34,6329.44,212.52,31.61
2020-05-13,6283.55,6335.96,6268.49,6320.13,163.09,31.5
2020-05-14,6284.72,6315.99,6241.59,6246.56,183.88,30.93
2020-05-15,6284.19,6372.11,6241.99,6299.79,211.02,31.3
2020-05-18,6297.05,6297.61,6089.05,6098.96,245.09,30.3
2020-05-19,6154.37,6189.79,6107.45,6164.71,169.14,30.75
2020-05-20,6158.19,6199.04,6070.26,6097.02,187.87,30.32
2020-05-21,6120.4,6125.42,5940.84,5961.6,184.33,29.51
2020-05-22,5957.87,6017.84,5846.49,5885.48,177.31,28.98
2020-05-25,5831.89,5833.84,5680.44,5710.89,173.33,28.26
2020-05-26,5747.16,5845.94,5747.16,5845.58,134.16,28.96
2020-05-27,5855.36,5856.04,5762.86,5780.52,151.78,28.58
2020-05-28,5769.42,5806.5,5636.55,5752.51,152.18,28.52
2020-05-29,5714.84,5768.73,5693.87,5752.45,138.62,28.46
2020-06-01,5803.18,6048.5,5803.18,6033.26,225.43,29.27
2020-06-02,6066.64,6139.08,6018.25,6101.91,212.57,29.61
2020-06-03,6112.43,6214.19,6055.04,6118.31,227.81,29.78
2020-06-04,6136.54,6149.72,6062.04,6074.0,144.59,29.59
2020-06-05,6102.55,6134.15,6045.69,6093.05,145.4,29.67
2020-06-08,6165.7,6268.36,6142.9,6151.62,185.41,29.92
2020-06-09,6167.69,6170.02,6105.02,6156.09,154.23,30.15
2020-06-10,6149.5,6149.5,6092.23,6139.28,122.98,29.92
2020-06-11,6145.29,6245.18,6102.36,6137.22,203.71,29.76
2020-06-12,5988.69,6133.75,5976.77,6083.07,186.34,29.44
2020-06-15,6062.71,6143.49,6029.93,6031.69,185.26,29.6
2020-06-16,6118.3,6204.68,6117.46,6204.68,251.42,30.52
2020-06-17,6215.17,6215.17,6117.61,6165.1,205.67,30.48
2020-06-18,6152.88,6321.64,6124.43,6277.68,285.29,31.05
2020-06-19,6293.24,6364.93,6236.62,6321.11,277.84,31.32
2020-06-22,6325.71,6406.73,6319.98,6375.57,268.01,31.58
2020-06-23,6365.86,6366.64,6259.5,6293.32,267.67,31.18
2020-06-24,6301.66,6352.12,6296.72,6331.91,205.52,32.01
2020-06-29,6296.1,6324.02,6226.25,6259.4,187.36,31.61
2020-06-30,6305.04,6419.39,6305.04,6398.01,217.91,32.07
2020-07-01,6418.16,6436.31,6306.96,6399.94,238.44,32.24
2020-07-02,6373.99,6482.94,6341.26,6482.94,263.35,32.63
2020-07-03,6491.96,6581.75,6449.87,6575.58,288.35,33.19
2020-07-06,6640.26,6953.43,6640.26,6910.58,425.28,34.77
2020-07-07,6982.81,7185.3,6908.33,6989.46,476.59,35.03
2020-07-08,6975.95,7123.81,6887.37,7121.39,379.38,35.5
2020-07-09,7146.95,7376.45,7120.66,7368.48,479.93,36.68
2020-07-10,7352.31,7404.67,7197.26,7223.76,420.08,35.83
2020-07-13,7225.36,7435.88,7225.36,7435.88,400.95,36.78
2020-07-14,7451.81,7476.87,7128.07,7266.76,433.63,36.01
2020-07-15,7275.01,7288.28,6919.26,6927.53,434.91,34.54
2020-07-16,6901.73,6961.41,6493.34,6530.78,360.11,32.3
2020-07-17,6560.57,6644.06,6460.81,6552.49,248.5,32.35
2020-07-20,6665.83,6787.58,6588.1,6786.8,267.48,33.52
2020-07-21,6813.2,6861.07,6735.98,6804.69,236.43,33.64
2020-07-22,6783.98,6903.15,6745.5,6807.64,271.48,33.68
2020-07-23,6722.73,6737.99,6513.24,6691.46,311.27,32.99
2020-07-24,6650.85,6713.47,6366.01,6388.88,297.99,31.37
2020-07-27,6413.29,6444.08,6306.3,6386.12,184.71,31.31
2020-07-28,6435.85,6481.02,6393.02,6459.54,163.14,31.65
2020-07-29,6492.17,6711.8,6477.07,6711.8,249.43,32.82
2020-07-30,6779.65,6812.98,6706.0,6710.35,265.29,32.87
2020-07-31,6709.42,6870.38,6708.79,6790.43,295.05,33.27
2020-08-03,6860.58,7017.2,6847.89,7017.2,330.88,34.49
2020-08-04,7072.87,7074.85,6930.92,6955.39,285.18,34.03
2020-08-05,7038.19,7072.94,6966.37,7033.27,263.64,34.24
2020-08-06,7013.45,7054.98,6922.18,7036.35,276.64,34.08
2020-08-07,7016.39,7016.39,6859.88,6953.39,314.62,33.46
2020-08-10,6927.0,7000.45,6862.64,6895.36,320.18,33.22
2020-08-11,6886.03,6945.5,6791.63,6796.99,276.22,32.78
2020-08-12,6775.42,6797.49,6623.37,6792.98,257.6,33.37
2020-08-13,6790.78,6818.88,6732.65,6749.75,200.77,33.21
2020-08-14,6741.12,6823.2,6724.2,6822.87,184.45,33.45
2020-08-17,6851.32,6983.76,6802.92,6983.66,281.03,34.18
2020-08-18,6973.77,6992.68,6905.61,6934.44,226.17,33.94
2020-08-19,6912.8,6912.8,6724.61,6732.29,213.87,32.97
2020-08-20,6676.16,6744.11,6639.83,6711.42,178.76,32.94
2020-08-21,6748.94,6826.59,6663.62,6711.44,170.22,32.91
2020-08-24,6738.45,6847.74,6669.1,6829.62,192.88,33.4
2020-08-25,6837.76,6882.44,6786.5,6800.74,203.26,33.3
2020-08-26,6811.1,6811.74,6629.62,6644.36,212.45,32.48
2020-08-27,6660.12,6748.39,6597.73,6736.63,175.21,32.92
2020-08-28,6714.42,6760.25,6625.02,6759.83,175.91,33.07
2020-08-31,6790.07,6863.5,6756.67,6762.1,212.16,33.05
2020-09-01,6723.82,6778.86,6684.65,6777.63,180.29,32.13
2020-09-02,6807.83,6851.13,6759.47,6820.61,213.16,32.35
2020-09-03,6814.82,6815.35,6699.99,6717.69,202.76,31.85
2020-09-04,6598.59,6724.6,6582.85,6714.13,173.52,31.7
2020-09-07,6714.63,6786.43,6570.63,6600.69,220.51,31.15
2020-09-08,6602.25,6620.61,6463.26,6562.89,205.9,30.84
2020-09-09,6484.31,6496.92,6345.26,6369.68,222.38,29.81
2020-09-10,6424.9,6435.88,6089.0,6122.28,203.13,28.89
2020-09-11,6099.1,6216.14,6069.02,6207.23,141.19,29.29
2020-09-14,6246.24,6324.82,6212.15,6274.27,141.14,29.65
2020-09-15,6270.8,6284.44,6217.58,6272.15,120.76,29.59
2020-09-16,6257.96,6260.61,6179.85,6214.64,100.25,29.35
2020-09-17,6193.17,6291.77,6139.57,6231.29,124.12,29.45
2020-09-18,6234.57,6321.6,6213.39,6319.74,139.46,29.91
2020-09-21,6328.29,6403.23,6321.76,6336.02,137.55,29.93
2020-09-22,6276.09,6328.1,6225.18,6242.38,111.05,29.53
2020-09-23,6269.61,6286.78,6209.45,6262.35,89.39,29.59
2020-09-24,6217.15,6219.11,6075.44,6076.71,105.41,28.77
2020-09-25,6106.76,6117.5,6010.62,6033.16,74.25,28.61
2020-09-28,6044.83,6059.46,5973.23,5979.2,80.29,28.56
2020-09-29,6015.03,6102.52,6015.03,6051.95,91.3,28.9
2020-09-30,6066.94,6084.94,6002.86,6029.94,85.63,28.81
2020-10-09,6135.73,6217.53,6135.73,6197.54,115.03,29.52
2020-10-12,6246.21,6333.8,6219.02,6333.01,200.33,30.26
2020-10-13,6337.22,6348.57,6286.83,6340.81,171.66,30.2
2020-10-14,6314.51,6318.07,6260.53,6278.48,165.99,29.83
2020-10-15,6265.86,6272.36,6216.93,6220.8,150.45,29.53
2020-10-16,6223.47,6231.87,6108.5,6138.4,144.51,29.1
2020-10-19,6251.74,6295.36,6154.33,6162.98,169.41,29.12
2020-10-20,6142.32,6195.6,6081.5,6195.6,130.42,29.21
2020-10-21,6190.63,6190.63,6038.75,6073.0,123.83,28.64
2020-10-22,6041.98,6076.98,5988.23,6046.69,101.94,28.56
2020-10-23,6036.46,6080.39,5952.45,5961.55,104.62,28.19
2020-10-26,5932.96,5998.75,5884.6,5960.92,87.1,28.27
2020-10-27,5935.22,5994.65,5911.02,5963.73,101.15,28.34
2020-10-28,5973.75,5981.83,5844.43,5966.08,137.88,28.47
2020-10-29,5867.33,5931.98,5849.8,5908.04,132.57,28.19
2020-10-30,5919.81,5969.89,5784.81,5804.79,157.68,27.74
2020-11-02,5773.22,5779.59,5636.24,5715.42,157.72,28.85
2020-11-03,5714.11,5876.15,5709.9,5844.03,143.29,29.45
2020-11-04,5854.18,5856.08,5775.16,5809.58,101.29,29.39
2020-11-05,5887.34,6090.94,5838.7,6088.93,222.57,30.76
2020-11-06,6118.23,6124.07,6017.62,6058.78,246.77,30.85
2020-11-09,6131.97,6353.54,6131.97,6304.47,308.85,32.15
2020-11-10,6302.2,6302.2,6177.91,6211.34,228.18,32.02
2020-11-11,6177.44,6190.32,6008.37,6017.5,184.86,31.0
2020-11-12,6046.94,6079.28,5994.26,6016.94,119.35,30.97
2020-11-13,5982.29,6018.17,5932.0,6010.45,118.78,30.92
2020-11-16,6025.94,6035.32,5926.99,5975.12,123.3,30.72
2020-11-17,5968.89,5968.89,5832.7,5919.87,137.74,30.42
2020-11-18,5899.31,5961.39,5891.64,5938.67,120.08,30.59
2020-11-19,5910.1,6012.63,5875.5,5994.6,132.82,30.81
2020-11-20,5993.6,6029.02,5964.4,6005.95,121.18,30.78
2020-11-23,6007.11,6019.59,5942.79,5985.09,129.45,30.64
2020-11-24,5983.85,6058.55,5972.72,6024.6,146.47,30.75
2020-11-25,6034.02,6084.63,5965.29,5990.12,167.27,30.49
2020-11-26,5983.75,6007.23,5947.55,5964.95,120.73,30.37
2020-11-27,5953.23,5963.3,5883.34,5923.71,116.56,30.15
2020-11-30,5916.2,5967.27,5863.0,5903.5,142.15,30.12
2020-12-01,5889.16,5973.88,5888.25,5967.14,127.04,30.59
2020-12-02,5965.48,6045.64,5948.29,6003.07,159.3,30.78
2020-12-03,6001.03,6011.76,5942.37,5951.01,111.3,30.5
2020-12-04,5944.99,5973.79,5913.43,5945.14,104.78,30.5
2020-12-07,5975.03,5982.57,5901.18,5902.66,119.88,30.29
2020-12-08,5907.6,5922.23,5871.09,5881.03,106.96,30.36
2020-12-09,5871.15,5873.88,5756.81,5756.91,123.52,29.65
2020-12-10,5736.08,5766.73,5685.28,5727.27,104.38,29.39
2020-12-11,5726.29,5727.1,5584.78,5632.7,138.75,29.12
2020-12-14,5632.74,5643.23,5587.07,5622.52,97.63,30.16
2020-12-15,5622.35,5650.59,5597.2,5627.73,88.92,30.19
2020-12-16,5636.14,5642.46,5496.8,5501.88,104.41,29.59
2020-12-17,5496.0,5524.0,5412.85,5519.66,101.37,29.66
2020-12-18,5533.27,5546.77,5453.73,5473.01,102.69,29.47
2020-12-21,5464.15,5543.03,5450.58,5527.69,101.16,29.79
2020-12-22,5506.6,5513.53,5390.01,5395.91,115.26,29.18
2020-12-23,5408.95,5466.11,5366.78,5463.51,120.69,29.58
2020-12-24,5467.14,5474.93,5360.73,5370.84,112.72,29.08
2020-12-25,5359.07,5395.3,5329.34,5372.54,84.25,29.21
2020-12-28,5359.48,5360.57,5272.76,5276.37,106.21,28.82
2020-12-29,5278.0,5527.37,5278.0,5498.18,183.18,29.87
2020-12-30,5488.4,5505.65,5409.14,5499.85,166.38,30.05
2020-12-31,5506.9,5577.69,5475.09,5552.87,160.53,30.37
2021-01-04,5541.0,5658.18,5511.43,5652.36,194.99,30.9
2021-01-05,5624.58,5745.48,5609.64,5733.93,216.19,31.43
2021-01-06,5740.67,5740.78,5596.49,5622.04,175.4,30.95
2021-01-07,5604.08,5604.08,5443.8,5493.34,176.01,30.4
2021-01-08,5482.41,5622.23,5478.45,5563.71,203.05,30.74
2021-01-11,5561.77,5666.72,5556.86,5603.06,230.51,31.11
2021-01-12,5590.17,5671.95,5554.79,5655.61,191.98,31.42
2021-01-13,5670.34,5749.48,5622.12,5725.84,277.74,32.01
2021-01-14,5718.9,5858.78,5679.6,5795.18,275.12,32.76
2021-01-15,5801.46,5801.8,5653.57,5708.3,198.34,32.21
2021-01-18,5686.3,5916.64,5683.75,5888.54,223.08,33.41
2021-01-19,5897.8,5938.3,5828.54,5842.61,226.16,32.78
2021-01-20,5833.3,5872.35,5775.17,5872.35,159.39,33.28
2021-01-21,5867.01,5916.38,5790.62,5881.36,177.66,33.53
2021-01-22,5866.71,5866.71,5707.14,5750.74,199.84,32.81
2021-01-25,5721.29,5722.12,5628.42,5670.5,215.73,32.9
2021-01-26,5638.49,5687.29,5563.35,5574.63,152.03,32.17
2021-01-27,5568.61,5605.05,5537.66,5567.4,117.94,32.04
2021-01-28,5488.18,5517.39,5353.35,5365.21,147.49,30.81
2021-01-29,5398.53,5419.75,5247.21,5327.57,144.24,31.02
2021-02-01,5261.06,5322.96,5236.17,5274.3,138.62,30.34
2021-02-02,5290.28,5314.04,5260.71,5301.31,128.8,30.42
2021-02-03,5292.47,5300.83,5186.96,5189.5,136.96,29.86
2021-02-04,5150.77,5187.06,5016.72,5167.65,147.08,30.16
2021-02-05,5166.05,5249.12,5128.13,5128.13,113.85,30.12
2021-02-08,5171.3,5220.97,5125.19,5196.41,108.51,30.59
2021-02-09,5198.16,5337.76,5170.46,5314.24,112.55,31.54
2021-02-10,5316.7,5404.19,5276.76,5394.82,120.74,32.1
2021-02-18,5470.93,5511.57,5439.54,5466.51,136.65,31.92
2021-02-19,5455.53,5537.18,5435.64,5534.78,123.38,32.13
2021-02-22,5534.15,5576.72,5434.57,5435.79,157.84,31.13
2021-02-23,5403.56,5479.47,5372.74,5431.71,120.59,31.11
2021-02-24,5429.11,5504.54,5335.62,5394.18,114.14,30.78
2021-02-25,5444.43,5457.8,5355.26,5361.29,115.1,30.66
2021-02-26,5264.51,5391.21,5261.93,5368.73,121.01,30.58
2021-03-01,5410.24,5477.17,5388.19,5474.06,132.96,30.94
2021-03-02,5492.62,5502.26,5404.62,5436.22,125.05,30.66
2021-03-03,5437.08,5481.65,5397.26,5479.52,109.94,30.99
2021-03-04,5461.13,5481.73,5345.37,5360.92,126.54,30.2
2021-03-05,5309.35,5443.63,5309.35,5420.24,110.95,30.6
2021-03-08,5442.85,5529.43,5341.73,5344.62,126.06,30.07
2021-03-09,5320.47,5347.26,5140.95,5193.4,131.6,29.6
2021-03-10,5267.34,5279.99,5127.13,5135.79,99.48,29.58
2021-03-11,5133.42,5196.48,5088.86,5185.22,103.63,29.71
2021-03-12,5193.89,5193.89,5096.21,5133.31,88.29,29.39
2021-03-15,5094.67,5094.67,4955.74,4986.53,115.47,28.48
2021-03-16,4999.93,5049.55,4967.17,5042.91,94.39,28.7
2021-03-17,5075.64,5167.15,5042.11,5161.79,118.77,29.53
2021-03-18,5156.54,5162.18,5111.9,5129.71,85.35,29.53
2021-03-19,5077.76,5139.31,5052.87,5082.94,92.15,29.11
2021-03-22,5082.49,5169.56,5081.14,5164.87,85.0,29.6
2021-03-23,5175.59,5196.15,5142.6,5170.45,88.57,29.7
2021-03-24,5153.96,5172.0,5088.96,5107.98,80.55,29.47
2021-03-25,5071.94,5128.71,5058.46,5090.17,66.66,29.29
2021-03-26,5114.23,5182.7,5109.73,5178.48,86.85,29.94
2021-03-29,5199.92,5204.69,5144.24,5154.67,80.8,29.6
2021-03-30,5154.01,5172.32,5127.14,5136.56,90.86,29.81
2021-03-31,5144.67,5161.51,5121.4,5160.93,65.63,30.07
2021-04-01,5175.09,5193.9,5142.4,5167.71,80.39,30.05
2021-04-02,5176.39,5226.99,5167.88,5225.05,92.08,30.23
2021-04-06,5242.9,5254.81,5203.76,5229.76,68.42,30.27
2021-04-07,5225.55,5225.87,5180.79,5208.07,78.29,30.1
2021-04-08,5194.62,5196.42,5146.36,5149.31,75.29,29.66
2021-04-09,5138.76,5147.49,5056.46,5067.16,74.5,28.99
2021-04-12,5061.02,5078.06,4999.41,5003.91,73.21,28.79
2021-04-13,4994.8,5034.91,4982.88,4996.81,58.58,28.93
2021-04-14,4996.11,5041.43,4991.32,5032.75,57.05,29.15
2021-04-15,5025.8,5029.7,4995.8,5021.86,59.58,29.06
2021-04-16,5025.58,5099.33,5018.7,5094.15,72.3,29.34
2021-04-19,5100.15,5188.88,5095.37,5184.12,101.83,29.78
2021-04-20,5155.93,5158.91,5108.16,5108.72,82.57,29.35
2021-04-21,5066.37,5072.14,5039.51,5042.72,78.51,28.95
2021-04-22,5048.22,5144.74,5048.22,5116.7,111.26,29.43
2021-04-23,5102.71,5102.77,5060.83,5069.44,86.48,29.23
2021-04-26,5077.0,5113.14,5035.6,5039.16,98.44,29.23
2021-04-27,5038.24,5043.89,4937.24,4967.44,105.14,28.96
2021-04-28,4974.66,4977.43,4912.44,4962.26,90.47,28.95
2021-04-29,4952.69,4994.75,4927.92,4928.3,88.56,28.78
2021-04-30,4923.39,4938.44,4825.82,4864.84,96.97,28.11
2021-05-06,4846.01,4863.43,4821.33,4830.38,77.95,25.39
2021-05-07,4829.88,4837.27,4754.9,4757.98,73.73,24.89
2021-05-10,4751.54,4753.09,4687.73,4702.52,77.16,24.74
2021-05-11,4679.64,4744.27,4671.37,4742.51,61.59,24.9
2021-05-12,4725.85,4786.14,4712.19,4781.77,62.47,25.13
2021-05-13,4745.19,4798.51,4741.3,4760.65,61.96,24.99
2021-05-14,4772.46,4843.81,4756.65,4843.81,73.87,25.43
2021-05-17,4862.73,4888.66,4851.45,4851.45,88.58,25.47
2021-05-18,4853.66,4860.61,4812.97,4858.18,68.14,25.47
2021-05-19,4846.01,4874.25,4828.73,4847.16,66.53,25.35
2021-05-20,4835.7,4878.64,4828.86,4863.73,65.92,25.49
2021-05-21,4869.75,4875.13,4821.66,4824.32,67.82,25.31
2021-05-24,4826.39,4896.71,4808.7,4887.28,94.88,25.32
2021-05-25,4890.21,4998.01,4871.04,4988.66,121.52,25.75
2021-05-26,4988.14,5029.39,4976.82,4979.43,103.73,25.63
2021-05-27,4980.92,5096.78,4980.5,5082.61,143.05,26.04
2021-05-28,5078.71,5090.74,5031.48,5048.93,132.78,25.67
2021-05-31,5056.92,5116.43,5055.49,5116.43,124.77,26.09
2021-06-01,5095.82,5144.64,5077.78,5131.93,116.45,26.08
2021-06-02,5128.56,5131.3,5019.98,5036.99,115.24,25.53
2021-06-03,5032.4,5157.79,5031.13,5094.22,161.51,25.74
2021-06-04,5089.94,5127.67,5082.66,5101.55,124.04,25.74
2021-06-07,5127.91,5200.8,5127.91,5197.27,149.88,26.19
2021-06-08,5221.56,5236.72,5176.42,5229.58,149.41,26.31
2021-06-09,5231.82,5269.52,5209.99,5226.82,140.01,26.42
2021-06-10,5228.54,5335.91,5219.53,5326.43,178.16,26.79
2021-06-11,5342.46,5342.46,5225.16,5225.16,189.51,26.36
2021-06-15,5231.35,5326.53,5229.64,5265.64,184.06,27.44
2021-06-16,5280.06,5326.93,5197.53,5213.65,179.7,27.08
2021-06-17,5223.89,5344.33,5221.62,5340.93,200.17,27.7
2021-06-18,5346.58,5407.34,5343.17,5392.44,231.89,27.91
2021-06-21,5368.95,5439.09,5359.6,5424.2,208.68,28.0
2021-06-22,5435.83,5446.52,5346.1,5369.97,189.01,27.74
2021-06-23,5366.32,5453.57,5334.8,5432.37,203.81,28.15
2021-06-24,5427.88,5454.67,5394.72,5414.82,190.83,28.26
2021-06-25,5400.28,5406.35,5325.71,5391.86,153.79,28.27
2021-06-28,5393.93,5475.0,5392.74,5466.54,174.91,28.61
2021-06-29,5458.76,5458.76,5341.48,5345.47,153.76,28.04
2021-06-30,5353.6,5453.43,5353.6,5445.69,160.11,28.49
2021-07-01,5455.74,5456.86,5314.09,5323.99,159.81,27.96
2021-07-02,5304.86,5305.37,5184.39,5203.13,134.45,27.2
2021-07-05,5231.95,5349.52,5218.41,5349.52,173.58,27.83
2021-07-06,5384.87,5392.5,5292.56,5355.05,183.28,27.84
2021-07-07,5321.42,5391.11,5297.73,5383.29,145.63,28.02
2021-07-08,5389.22,5412.05,5337.61,5363.51,151.62,27.92
2021-07-09,5337.76,5358.75,5282.75,5338.15,152.71,27.67
2021-07-12,5391.77,5514.55,5362.54,5476.97,237.04,28.14
2021-07-13,5509.52,5538.37,5483.34,5516.81,260.65,28.41
2021-07-14,5518.98,5551.16,5430.57,5431.28,210.4,27.98
2021-07-15,5411.47,5428.05,5319.57,5393.63,173.36,27.91
2021-07-16,5392.23,5409.22,5348.2,5366.35,171.22,27.69
2021-07-19,5341.14,5457.39,5288.75,5433.13,218.46,27.99
2021-07-20,5394.48,5443.06,5385.31,5442.15,162.25,28.09
2021-07-21,5420.61,5464.43,5394.53,5440.0,210.33,28.26
2021-07-22,5414.82,5415.17,5344.16,5363.68,204.53,27.85
2021-07-23,5349.53,5350.67,5267.2,5304.65,199.3,27.68
2021-07-26,5271.0,5281.84,5101.5,5170.99,220.54,27.02
2021-07-27,5182.39,5403.15,5176.72,5268.51,319.67,27.37
2021-07-28,5233.97,5316.26,5097.46,5241.42,283.59,27.2
2021-07-29,5310.26,5425.61,5273.76,5415.29,320.13,27.98
2021-07-30,5379.36,5523.77,5366.4,5497.51,339.43,28.4
2021-08-02,5530.96,5682.85,5530.96,5682.2,359.36,29.36
2021-08-03,5675.91,5747.58,5562.99,5583.15,325.2,28.96
2021-08-04,5591.44,5675.07,5591.44,5666.74,262.31,29.39
2021-08-05,5641.86,5663.95,5600.57,5616.72,239.89,29.11
2021-08-06,5632.16,5654.74,5587.05,5649.03,262.06,29.22
2021-08-09,5631.34,5697.79,5605.14,5664.67,233.91,29.39
2021-08-10,5658.44,5701.57,5631.81,5701.0,223.05,29.6
2021-08-11,5683.42,5683.58,5609.59,5618.61,274.81,29.0
2021-08-12,5608.61,5721.84,5602.42,5682.41,257.23,29.2
2021-08-13,5664.97,5664.97,5571.99,5610.69,276.85,28.83
2021-08-16,5621.59,5696.96,5599.48,5628.05,223.13,29.08
2021-08-17,5624.77,5624.77,5439.06,5447.63,224.3,28.2
2021-08-18,5440.56,5470.3,5375.66,5434.98,177.32,28.23
2021-08-19,5433.61,5511.03,5416.67,5492.57,203.61,28.38
2021-08-20,5469.86,5469.86,5379.56,5426.44,180.53,28.01
2021-08-23,5434.18,5583.92,5428.32,5568.64,204.42,28.74
2021-08-24,5573.67,5585.2,5546.24,5563.39,222.88,28.77
2021-08-25,5567.44,5584.65,5474.8,5485.12,193.13,28.27
2021-08-26,5473.96,5483.62,5362.99,5362.99,191.92,27.56
2021-08-27,5353.78,5378.39,5303.59,5353.93,164.29,27.58
2021-08-30,5371.58,5458.99,5362.77,5380.89,229.35,27.61
2021-08-31,5374.14,5375.22,5246.06,5317.87,178.68,27.38
2021-09-01,5315.14,5351.66,5234.22,5329.29,165.24,27.68
2021-09-02,5318.0,5319.44,5277.81,5298.59,133.16,27.51
2021-09-03,5305.62,5378.49,5295.66,5323.75,158.16,27.68
2021-09-06,5328.95,5410.53,5304.82,5408.42,166.07,28.07
2021-09-07,5415.68,5428.67,5390.78,5410.95,168.34,28.03
2021-09-08,5422.79,5443.58,5377.63,5439.44,214.57,28.01
2021-09-09,5423.69,5460.31,5382.22,5413.34,195.85,27.92
2021-09-10,5406.55,5445.4,5364.34,5423.12,181.98,28.08
2021-09-13,5418.59,5418.59,5324.09,5335.78,152.78,27.58
2021-09-14,5337.75,5367.66,5248.5,5262.86,153.06,27.2
2021-09-15,5262.97,5285.97,5223.18,5266.85,134.12,27.08
2021-09-16,5262.66,5302.17,5177.0,5183.36,154.52,26.79
2021-09-17,5178.12,5196.23,5096.01,5162.69,127.4,26.72
2021-09-22,5109.89,5171.54,5092.04,5168.82,103.32,26.71
2021-09-23,5201.06,5262.58,5201.06,5243.65,142.49,27.17
2021-09-24,5230.53,5251.83,5204.19,5205.66,117.18,27.05
2021-09-27,5255.59,5294.36,5117.07,5138.58,138.23,26.81
2021-09-28,5113.64,5166.97,5098.18,5148.2,103.39,26.83
2021-09-29,5122.62,5122.62,5032.94,5034.2,117.05,26.36
2021-09-30,5049.81,5082.05,5049.81,5073.49,89.93,26.34
2021-10-08,5127.65,5180.43,5127.15,5149.27,97.92,26.82
2021-10-11,5166.67,5304.71,5154.24,5264.12,151.12,27.4
2021-10-12,5244.45,5259.87,5123.8,5161.17,136.12,26.83
2021-10-13,5161.23,5182.31,5120.79,5177.23,104.47,26.93
2021-10-14,5174.83,5178.04,5144.65,5156.01,96.51,26.81
2021-10-15,5174.08,5194.86,5124.65,5151.66,117.51,26.8
2021-10-18,5145.25,5150.77,5103.93,5126.89,101.75,26.6
2021-10-19,5121.07,5163.84,5119.86,5154.52,100.15,26.8
2021-10-20,5158.51,5171.89,5128.83,5130.64,98.71,26.67
2021-10-21,5126.77,5127.75,5046.92,5061.64,93.1,26.31
2021-10-22,5058.38,5090.4,5040.64,5061.29,91.9,26.37
2021-10-25,5057.16,5141.26,5035.41,5141.02,104.51,26.79
2021-10-26,5148.78,5218.56,5137.65,5190.83,129.76,27.04
2021-10-27,5213.21,5230.2,5120.05,5145.03,123.91,26.82
2021-10-28,5137.87,5176.01,5080.83,5092.58,127.66,26.59
2021-10-29,5103.32,5170.68,5093.95,5165.92,133.45,26.89
2021-11-01,5206.17,5284.72,5194.87,5265.79,185.85,26.56
2021-11-02,5295.76,5363.94,5256.97,5303.16,170.59,26.72
2021-11-03,5337.43,5351.28,5263.18,5307.44,217.19,26.65
2021-11-04,5310.95,5438.63,5310.95,5438.63,190.57,27.25
2021-11-05,5473.78,5496.17,5436.54,5439.6,223.37,27.18
2021-11-08,5437.15,5437.15,5400.07,5429.2,168.84,27.1
2021-11-09,5424.87,5471.85,5401.89,5467.39,167.45,27.26
2021-11-10,5455.81,5497.35,5413.52,5482.74,161.62,27.25
2021-11-11,5466.8,5571.34,5457.26,5555.49,200.26,27.63
2021-11-12,5546.83,5665.19,5546.52,5658.78,217.21,28.07
2021-11-15,5674.7,5715.68,5619.68,5653.94,208.5,28.08
2021-11-16,5658.09,5721.97,5656.13,5694.97,220.01,28.26
2021-11-17,5690.23,5793.96,5684.97,5784.86,240.08,28.6
2021-11-18,5775.93,5783.8,5681.68,5681.68,220.71,28.16
2021-11-19,5669.63,5739.03,5669.61,5727.07,195.0,28.43
2021-11-22,5740.09,5847.95,5738.0,5832.27,221.57,28.9
2021-11-23,5833.9,5866.44,5823.15,5832.08,204.79,28.85
2021-11-24,5846.55,5916.67,5816.5,5878.3,240.05,29.0
2021-11-25,5881.08,5895.92,5787.93,5792.05,198.12,28.6
2021-11-26,5780.63,5795.63,5694.64,5718.9,190.51,28.13
2021-11-29,5632.17,5695.85,5623.81,5691.62,172.73,27.92
2021-11-30,5731.16,5796.93,5714.17,5769.96,211.47,28.34
2021-12-01,5766.26,5826.78,5757.92,5817.83,186.23,28.48
2021-12-02,5800.05,5808.71,5722.27,5725.31,179.03,28.09
2021-12-03,5726.93,5798.85,5726.93,5780.02,197.49,28.43
2021-12-06,5784.51,5784.51,5693.72,5694.43,171.46,28.15
2021-12-07,5719.99,5725.29,5589.57,5630.92,155.38,27.95
2021-12-08,5635.59,5765.59,5635.59,5762.62,148.12,28.61
2021-12-09,5753.05,5805.13,5744.17,5779.44,182.81,28.73
2021-12-10,5765.78,5813.95,5750.89,5790.34,178.22,28.84
2021-12-13,5792.4,5892.16,5778.66,5856.09,189.78,29.49
2021-12-14,5839.81,5926.66,5835.15,5899.25,173.41,29.67
2021-12-15,5893.13,5943.99,5887.76,5894.32,181.81,29.57
2021-12-16,5909.0,5930.0,5879.37,5909.45,160.16,29.68
2021-12-17,5876.46,5894.28,5836.8,5849.7,196.91,29.43
2021-12-20,5837.3,5866.45,5725.89,5728.88,168.39,28.97
2021-12-21,5738.79,5815.64,5738.79,5810.58,148.36,29.3
2021-12-22,5815.22,5890.12,5806.24,5870.79,163.84,29.54
2021-12-23,5875.99,5887.03,5850.61,5863.44,138.89,29.56
2021-12-24,5868.32,5887.24,5758.84,5786.51,163.9,29.29
2021-12-27,5785.38,5842.32,5753.99,5787.2,145.71,29.33
2021-12-28,5810.64,5820.32,5768.26,5810.7,147.06,29.36
2021-12-29,5800.32,5802.46,5734.9,5773.28,172.77,29.08
2021-12-30,5790.35,5863.47,5774.49,5843.36,153.92,29.41
2021-12-31,5850.82,5896.09,5817.05,5864.7,163.52,29.47
2022-01-04,5882.47,5907.2,5835.92,5890.68,178.67,29.57
2022-01-05,5884.73,5900.55,5755.84,5781.19,175.31,29.08
2022-01-06,5758.01,5814.15,5710.6,5785.3,163.93,29.04
2022-01-07,5793.62,5826.81,5711.49,5712.5,184.02,28.76
2022-01-10,5705.13,5778.14,5646.87,5754.11,168.65,28.98
2022-01-11,5751.55,5760.36,5625.44,5645.95,158.81,28.36
2022-01-12,5661.45,5683.47,5628.0,5674.48,139.96,28.55
2022-01-13,5716.07,5721.7,5582.44,5588.79,171.83,28.05
2022-01-14,5562.43,5648.67,5543.88,5600.21,175.24,28.1
2022-01-17,5617.68,5785.21,5617.68,5777.28,222.09,28.87
2022-01-18,5791.57,5852.3,5746.21,5759.47,209.67,28.87
2022-01-19,5741.94,5760.53,5677.07,5715.39,155.57,28.58
2022-01-20,5715.7,5717.3,5611.1,5620.62,156.59,28.27
2022-01-21,5605.26,5611.59,5507.76,5517.75,129.31,27.78
2022-01-24,5498.19,5567.84,5495.92,5537.02,120.87,27.91
2022-01-25,5526.53,5536.82,5324.0,5325.86,129.81,27.02
2022-01-26,5341.07,5382.62,5298.79,5355.22,124.75,27.05
2022-01-27,5356.89,5364.97,5190.17,5194.3,155.27,26.32
2022-01-28,5229.75,5306.37,5165.93,5235.77,127.87,26.37
2022-02-07,5334.23,5345.68,5230.5,5244.77,130.86,26.41
2022-02-08,5249.45,5267.18,5178.53,5266.86,109.11,26.46
2022-02-09,5269.37,5375.3,5243.95,5371.42,149.78,26.86
2022-02-10,5362.28,5362.28,5299.96,5334.39,143.54,26.79
2022-02-11,5305.88,5319.58,5224.82,5238.16,123.51,26.36
2022-02-14,5205.26,5257.8,5162.23,5212.67,109.22,26.18
2022-02-15,5213.23,5310.72,5208.59,5308.24,120.03,26.62
2022-02-16,5342.22,5361.37,5317.7,5327.86,112.49,26.68
2022-02-17,5321.66,5364.31,5291.3,5328.87,121.8,26.66
2022-02-18,5328.79,5367.07,5310.86,5365.24,113.05,26.79
2022-02-21,5390.36,5457.62,5390.36,5450.14,174.16,27.05
2022-02-22,5396.51,5396.51,5327.17,5355.53,129.76,26.61
2022-02-23,5357.41,5495.81,5356.8,5492.73,145.85,27.35
2022-02-24,5465.67,5490.08,5299.97,5369.6,186.3,26.84
2022-02-25,5422.62,5488.24,5415.66,5439.61,134.25,27.26
2022-02-28,5434.62,5450.55,5373.44,5438.85,122.04,27.2
2022-03-01,5450.41,5524.46,5450.41,5502.04,154.23,27.44
2022-03-02,5470.58,5482.03,5410.66,5475.69,119.19,27.32
2022-03-03,5507.74,5508.5,5374.5,5381.4,121.7,26.91
2022-03-04,5340.22,5393.25,5303.23,5322.56,107.17,26.65
2022-03-07,5283.74,5283.74,5097.12,5125.94,140.72,25.67
2022-03-08,5112.5,5145.19,4979.7,5017.02,132.91,25.09
2022-03-09,5040.36,5075.59,4746.61,4940.83,143.45,24.62
2022-03-10,5064.26,5077.01,4978.39,4978.39,130.08,24.84
2022-03-11,4944.64,5037.55,4870.31,5035.51,137.4,25.01
2022-03-14,4964.04,5021.23,4888.01,4888.01,118.45,24.28
2022-03-15,4848.86,4885.71,4640.27,4640.27,136.38,23.04
2022-03-16,4734.38,4846.35,4568.78,4834.37,145.05,23.9
2022-03-17,4908.15,4971.23,4888.5,4906.95,148.23,24.32
2022-03-18,4885.51,4918.79,4848.43,4910.83,101.76,24.3
2022-03-21,4926.38,4975.0,4885.17,4930.58,119.57,24.33
2022-03-22,4911.76,4939.55,4879.2,4898.74,102.86,24.19
2022-03-23,4913.53,5061.32,4898.0,5046.77,140.27,24.86
2022-03-24,5064.56,5064.56,4923.83,4926.2,196.85,24.31
2022-03-25,4920.39,4936.0,4838.63,4840.29,144.03,23.94
2022-03-28,4782.06,4830.58,4717.2,4807.49,126.05,23.78
2022-03-29,4814.31,4819.09,4707.46,4715.94,123.95,23.28
2022-03-30,4748.09,4798.4,4742.9,4798.4,123.32,23.66
2022-03-31,4776.85,4776.85,4714.94,4726.03,108.74,23.29
2022-04-01,4698.82,4730.77,4667.4,4708.45,92.94,23.24
2022-04-06,4703.34,4704.45,4632.06,4657.55,100.75,22.97
2022-04-07,4638.82,4658.37,4556.79,4556.79,96.74,22.51
2022-04-08,4567.43,4574.95,4466.09,4527.84,98.76,22.45
2022-04-11,4499.98,4499.98,4295.03,4316.45,102.07,21.47
2022-04-12,4314.07,4395.53,4268.05,4395.07,84.84,21.83
2022-04-13,4365.71,4365.71,4291.65,4291.65,73.17,21.37
2022-04-14,4332.56,4345.17,4280.7,4304.17,78.24,21.45
2022-04-15,4274.91,4297.94,4227.63,4260.21,77.85,21.27
2022-04-18,4243.66,4385.01,4212.34,4383.71,81.01,21.87
2022-04-19,4378.78,4403.75,4323.83,4346.51,75.0,21.6
2022-04-20,4355.3,4370.9,4283.9,4295.27,66.44,21.39
2022-04-21,4281.9,4328.09,4170.26,4183.97,79.63,20.92
2022-04-22,4165.12,4202.42,4120.55,4153.83,79.28,20.79
2022-04-25,4096.82,4096.82,3887.95,3887.95,102.63,19.53
2022-04-26,3910.57,3965.29,3818.01,3824.26,104.64,19.3
2022-04-27,3780.6,3984.77,3775.75,3983.71,114.81,20.02
2022-04-28,3946.38,3991.35,3903.13,3959.32,91.04,19.92
2022-04-29,3992.87,4129.15,3973.23,4113.29,110.0,20.62
2022-05-05,4100.96,4173.32,4093.36,4122.07,94.62,20.05
2022-05-06,4028.12,4081.8,4014.25,4041.43,78.6,19.56
2022-05-09,4031.27,4083.7,4018.82,4057.5,61.16,19.58
2022-05-10,4005.26,4158.98,3988.54,4139.78,90.89,19.99
2022-05-11,4141.75,4271.85,4140.86,4172.87,114.75,20.26
2022-05-12,4150.19,4218.9,4145.38,4194.94,93.99,20.28
2022-05-13,4213.03,4226.84,4174.23,4205.06,67.15,20.3
2022-05-16,4229.95,4248.81,4147.79,4159.68,70.32,20.07
2022-05-17,4164.76,4212.37,4130.81,4212.37,79.76,20.35
2022-05-18,4226.55,4248.94,4191.46,4221.3,90.73,20.44
2022-05-19,4158.66,4271.81,4153.41,4271.67,98.29,20.63
2022-05-20,4286.55,4323.38,4256.75,4313.57,95.7,20.82
2022-05-23,4322.42,4335.27,4279.79,4333.23,85.39,20.73
2022-05-24,4329.68,4349.67,4146.4,4146.4,103.38,19.87
2022-05-25,4149.02,4205.09,4132.14,4205.09,76.1,20.05
2022-05-26,4204.0,4316.67,4133.58,4286.5,131.15,20.34
2022-05-27,4294.48,4323.09,4217.82,4248.88,99.83,20.18
2022-05-30,4259.4,4289.51,4226.24,4289.41,85.14,20.34
2022-05-31,4298.6,4393.12,4275.71,4379.96,118.53,20.82
2022-06-01,4367.22,4438.6,4363.57,4418.41,107.6,20.99
2022-06-02,4403.59,4534.96,4398.16,4525.49,121.87,21.4
2022-06-06,4509.04,4608.27,4508.76,4592.63,141.16,21.73
2022-06-07,4588.97,4593.85,4535.08,4560.81,123.21,21.63
2022-06-08,4564.62,4595.46,4483.75,4560.64,126.36,21.67
2022-06-09,4544.25,4544.25,4417.52,4446.76,105.86,21.18
2022-06-10,4429.47,4523.32,4420.02,4517.03,106.4,21.53
2022-06-13,4485.9,4558.78,4479.2,4542.98,115.37,21.62
2022-06-14,4503.91,4503.91,4347.63,4487.16,122.27,21.37
2022-06-15,4484.42,4610.37,4484.25,4520.62,137.15,21.57
2022-06-16,4528.09,4624.24,4528.09,4582.25,123.85,21.82
2022-06-17,4549.8,4646.91,4535.9,4638.37,147.07,22.04
2022-06-20,4655.53,4694.7,4633.61,4649.27,136.83,22.06
2022-06-21,4649.84,4663.56,4570.72,4616.39,119.47,21.9
2022-06-22,4633.23,4635.12,4499.26,4499.26,117.95,21.36
2022-06-23,4500.09,4583.1,4474.07,4583.1,122.01,21.68
2022-06-24,4603.0,4705.66,4602.88,4688.94,173.74,22.17
2022-06-27,4721.68,4738.31,4683.58,4720.19,157.67,22.28
2022-06-28,4728.22,4839.51,4676.33,4836.4,166.05,22.79
2022-06-29,4836.1,4881.61,4744.47,4746.98,203.98,22.35
2022-06-30,4759.95,4858.42,4759.95,4826.82,173.84,22.62
2022-07-01,4822.99,4837.59,4759.58,4769.59,138.02,22.39
2022-07-04,4771.77,4773.13,4691.52,4746.49,156.98,22.26
2022-07-05,4743.53,4774.48,4642.29,4706.45,133.76,22.08
2022-07-06,4691.8,4760.12,4659.84,4702.44,131.42,22.06
2022-07-07,4697.37,4755.44,4657.5,4740.8,126.21,22.19
2022-07-08,4760.85,4813.81,4752.24,4765.84,143.12,22.29
2022-07-11,4745.93,4746.05,4622.4,4667.25,132.42,21.85
2022-07-12,4667.25,4690.52,4578.27,4579.16,113.68,21.47
2022-07-13,4585.06,4649.69,4570.26,4627.74,116.25,21.68
2022-07-14,4635.21,4767.36,4626.59,4721.08,134.65,22.0
2022-07-15,4699.17,4782.25,4670.66,4700.28,129.33,21.86
2022-07-18,4724.75,4796.95,4684.98,4794.75,141.86,22.27
2022-07-19,4806.11,4890.12,4803.94,4868.55,175.92,22.59
2022-07-20,4877.55,4948.81,4865.26,4936.43,163.34,22.87
2022-07-21,4920.61,4967.21,4897.0,4898.92,140.28,22.79
2022-07-22,4903.05,4927.33,4812.35,4856.22,118.21,22.6
2022-07-25,4857.62,4860.6,4729.72,4755.26,138.07,22.27
2022-07-26,4768.08,4795.91,4732.11,4789.45,108.57,22.4
2022-07-27,4784.22,4819.22,4750.16,4808.63,125.49,22.48
2022-07-28,4828.46,4899.6,4819.85,4829.74,176.65,22.68
2022-07-29,4843.25,4866.28,4790.91,4798.15,132.65,22.5
2022-08-01,4787.99,4874.82,4745.2,4861.75,146.3,22.75
2022-08-02,4810.28,4830.72,4698.1,4768.5,173.67,22.35
2022-08-03,4775.13,4889.43,4775.13,4796.35,185.74,22.45
2022-08-04,4823.63,4848.7,4772.8,4824.66,141.33,22.61
2022-08-05,4821.55,4969.46,4807.83,4968.62,196.5,23.1
2022-08-08,4952.18,4967.32,4919.39,4964.02,162.18,23.05
2022-08-09,4947.43,5005.47,4915.51,5000.1,166.45,23.19
2022-08-10,4974.49,5005.1,4948.09,4964.55,138.61,22.98
2022-08-11,4990.01,5088.89,4990.01,5085.86,183.31,23.64
2022-08-12,5079.86,5079.86,4957.6,4958.16,144.72,23.03
2022-08-15,4941.22,4980.82,4923.4,4970.43,136.45,23.02
2022-08-16,4981.75,5013.31,4944.51,4962.25,125.86,22.95
2022-08-17,4956.61,5026.88,4941.42,5021.13,127.22,23.29
2022-08-18,5009.13,5114.21,5002.38,5108.11,161.07,23.7
2022-08-19,5103.38,5141.38,4993.01,4994.45,177.23,23.2
2022-08-22,4980.37,5015.4,4943.3,5009.27,137.46,23.29
2022-08-23,4978.34,4995.51,4938.43,4953.6,120.7,23.0
2022-08-24,4952.0,4958.63,4774.96,4782.28,145.82,22.24
2022-08-25,4793.56,4802.28,4688.67,4736.89,109.86,22.01
2022-08-26,4752.26,4818.76,4720.08,4728.91,98.38,21.98
2022-08-29,4680.63,4772.92,4669.17,4748.54,102.84,22.03
2022-08-30,4761.9,4854.97,4750.73,4803.6,134.66,22.18
2022-08-31,4790.36,4815.81,4640.39,4657.75,141.6,21.64
2022-09-01,4649.3,4745.12,4647.92,4668.96,128.04,20.66
2022-09-02,4676.56,4811.95,4659.01,4772.3,143.67,21.08
2022-09-05,4780.06,4787.81,4722.93,4752.91,135.42,20.93
2022-09-06,4762.78,4835.47,4742.67,4833.11,145.5,21.29
2022-09-07,4819.98,4897.19,4806.31,4854.93,123.46,21.4
2022-09-08,4852.08,4880.86,4808.52,4818.61,104.79,21.29
2022-09-09,4812.19,4813.56,4747.17,4788.99,92.78,21.18
2022-09-13,4805.45,4835.85,4778.36,4798.28,90.29,21.23
2022-09-14,4730.38,4762.49,4712.85,4745.97,95.52,20.99
2022-09-15,4760.83,4762.85,4550.04,4603.19,119.57,20.44
2022-09-16,4585.66,4635.96,4510.13,4510.13,104.41,20.03
2022-09-19,4499.58,4520.31,4423.01,4440.92,92.91,19.72
2022-09-20,4472.1,4508.4,4435.65,4450.58,86.48,19.68
2022-09-21,4438.78,4441.17,4350.48,4415.08,77.75,19.51
2022-09-22,4386.73,4464.42,4369.47,4410.58,80.22,19.48
2022-09-23,4405.46,4416.24,4274.73,4318.27,85.96,19.1
2022-09-26,4283.81,4377.23,4280.63,4307.54,84.48,19.06
2022-09-27,4330.13,4423.1,4330.13,4423.1,92.15,19.53
2022-09-28,4420.82,4420.82,4284.51,4284.54,76.6,18.99
2022-09-29,4329.86,4343.78,4247.97,4271.39,72.81,18.93
2022-09-30,4265.01,4279.71,4185.17,4185.17,68.79,18.61
2022-10-10,4194.54,4203.35,4054.6,4068.38,79.92,18.06
2022-10-11,4077.29,4151.54,4064.43,4120.89,81.88,18.21
2022-10-12,4119.65,4289.1,4090.01,4288.49,108.7,18.87
2022-10-13,4272.48,4372.08,4264.48,4322.5,106.18,19.01
2022-10-14,4357.97,4395.16,4313.05,4374.39,109.14,19.27
2022-10-17,4351.51,4426.67,4340.98,4418.0,97.42,19.47
2022-10-18,4426.74,4483.89,4400.32,4459.21,105.99,19.6
2022-10-19,4439.47,4452.93,4391.94,4393.43,95.71,19.35
2022-10-20,4373.75,4449.74,4322.92,4386.5,107.1,19.37
2022-10-21,4412.28,4464.58,4395.02,4435.65,105.98,19.5
2022-10-24,4444.08,4524.39,4373.62,4406.21,122.55,19.33
2022-10-25,4390.71,4459.19,4345.66,4400.99,106.13,19.32
2022-10-26,4395.69,4525.1,4363.97,4480.73,124.43,19.62
2022-10-27,4523.22,4526.87,4415.62,4418.46,178.74,19.39
2022-10-28,4373.74,4442.57,4304.66,4317.9,142.11,18.97
2022-10-31,4295.07,4481.16,4294.78,4432.46,151.13,19.39
2022-11-01,4445.77,4457.0,4346.07,4444.86,182.15,18.76
2022-11-02,4440.2,4478.62,4403.3,4473.73,174.8,18.9
2022-11-03,4444.76,4498.37,4422.77,4485.4,185.27,18.98
2022-11-04,4475.52,4564.16,4466.71,4552.36,174.4,19.21
2022-11-07,4535.64,4544.4,4443.35,4521.12,189.89,19.09
2022-11-08,4511.27,4542.28,4478.82,4534.8,144.45,19.14
2022-11-09,4517.52,4530.99,4464.67,4464.78,106.02,18.85
2022-11-10,4444.35,4477.08,4392.97,4409.2,106.22,18.63
2022-11-11,4527.45,4540.75,4462.33,4482.8,150.41,18.95
2022-11-14,4489.69,4549.64,4454.8,4483.9,141.79,19.0
2022-11-15,4467.82,4612.55,4455.13,4610.48,145.07,19.56
2022-11-16,4630.31,4651.72,4563.53,4589.48,162.4,19.46
2022-11-17,4574.92,4611.7,4519.67,4611.7,169.1,19.57
2022-11-18,4598.8,4643.8,4558.88,4559.93,164.99,19.33
2022-11-21,4531.25,4566.27,4507.92,4545.41,118.1,19.29
2022-11-22,4540.34,4587.24,4491.08,4506.33,124.94,19.19
2022-11-23,4496.12,4509.15,4399.69,4480.0,118.72,19.07
2022-11-24,4485.66,4523.62,4448.27,4451.28,82.1,18.94
2022-11-25,4401.51,4421.7,4360.72,4366.38,78.88,18.68
2022-11-28,4266.32,4317.48,4255.92,4299.41,143.88,18.41
2022-11-29,4300.79,4383.03,4294.69,4373.15,111.12,18.76
2022-11-30,4367.83,4394.7,4347.19,4375.84,91.84,18.79
2022-12-01,4411.18,4488.5,4409.86,4436.73,129.72,19.01
2022-12-02,4420.36,4506.93,4418.31,4450.42,95.37,19.02
2022-12-05,4472.27,4517.46,4453.08,4516.18,123.25,19.31
2022-12-06,4511.95,4535.66,4481.89,4499.02,117.89,19.28
2022-12-07,4487.12,4487.4,4434.4,4449.16,90.18,19.09
2022-12-08,4438.87,4449.09,4410.54,4419.28,79.55,19.01
2022-12-09,4416.74,4431.39,4380.71,4392.26,109.21,18.92
2022-12-12,4384.41,4452.59,4359.98,4430.78,102.02,19.15
2022-12-13,4426.64,4430.21,4361.12,4364.36,78.44,18.9
2022-12-14,4389.52,4405.9,4326.56,4341.73,91.38,18.79
2022-12-15,4334.88,4392.1,4316.0,4369.3,72.38,18.9
2022-12-16,4342.31,4348.99,4273.02,4298.21,78.63,18.68
2022-12-19,4292.74,4304.09,4212.31,4226.2,64.24,18.38
2022-12-20,4226.3,4266.97,4211.8,4235.6,73.47,18.4
2022-12-21,4239.07,4243.71,4171.4,4192.56,61.63,18.24
2022-12-22,4212.07,4215.76,4101.13,4113.37,75.24,17.93
2022-12-23,4091.55,4127.55,4057.65,4090.31,57.46,17.81
2022-12-26,4099.77,4188.94,4099.77,4187.5,74.26,18.18
2022-12-27,4196.72,4238.05,4179.48,4233.09,71.41,18.36
2022-12-28,4223.45,4225.11,4184.89,4189.99,75.46,18.19
2022-12-29,4180.17,4238.71,4176.42,4209.55,65.48,18.23
2022-12-30,4223.34,4257.88,4218.36,4233.88,66.45,18.36
2023-01-03,4234.86,4371.49,4214.19,4358.56,106.01,18.79
2023-01-04,4365.63,4383.51,4335.35,4360.03,90.5,18.8
2023-01-05,4366.78,4388.27,4346.16,4385.59,84.78,18.93
2023-01-06,4374.57,4401.96,4358.06,4362.84,79.44,18.83
2023-01-09,4372.16,4399.45,4343.42,4356.53,94.34,18.87
2023-01-10,4364.92,4381.85,4343.36,4351.08,82.88,18.84
2023-01-11,4357.21,4395.81,4332.62,4336.07,94.33,18.77
2023-01-12,4339.42,4378.04,4332.36,4358.03,87.1,18.83
2023-01-13,4370.93,4372.53,4306.23,4344.55,88.08,18.84
2023-01-16,4341.94,4434.44,4340.28,4403.3,115.28,19.09
2023-01-17,4409.99,4441.76,4399.16,4414.24,93.18,19.16
2023-01-18,4419.64,4450.37,4406.73,4442.38,80.17,19.21
2023-01-19,4430.17,4449.02,4389.75,4446.05,133.13,19.27
2023-01-20,4444.43,4505.64,4444.04,4483.99,104.64,19.39
2023-01-30,4541.04,4572.4,4515.82,4525.16,129.54,19.6
2023-01-31,4525.32,4553.92,4504.02,4510.69,118.45,19.48
2023-02-01,4523.37,4588.69,4514.92,4588.49,131.22,19.78
2023-02-02,4602.59,4640.65,4566.53,4575.26,156.91,19.72
2023-02-03,4567.27,4595.38,4514.9,4591.64,164.62,19.77
2023-02-06,4580.87,4644.89,4573.45,4599.35,152.13,19.78
2023-02-07,4600.91,4645.02,4587.01,4634.99,175.46,19.83
2023-02-08,4644.1,4660.76,4572.73,4579.03,141.45,19.65
2023-02-09,4562.97,4738.86,4544.66,4738.86,199.39,20.28
2023-02-10,4736.87,4839.79,4728.57,4759.16,217.67,20.43
2023-02-13,4759.81,4795.63,4739.33,4785.68,187.45,20.52
2023-02-14,4777.56,4810.09,4741.5,4759.79,153.94,20.45
2023-02-15,4758.75,4888.89,4755.88,4877.05,206.13,21.01
2023-02-16,4873.06,4940.78,4760.35,4796.85,251.16,20.65
2023-02-17,4793.57,4798.0,4645.6,4646.44,173.33,20.04
2023-02-20,4649.15,4748.18,4633.38,4747.41,145.09,20.46
2023-02-21,4740.67,4827.27,4725.8,4764.27,155.28,20.46
2023-02-22,4734.48,4796.27,4712.76,4774.83,137.66,20.45
2023-02-23,4769.26,4779.8,4705.35,4730.38,150.92,20.28
2023-02-24,4733.89,4791.75,4729.02,4754.48,146.73,20.33
2023-02-27,4729.97,4787.91,4725.83,4752.06,164.95,20.25
2023-02-28,4820.6,4889.66,4751.43,4811.33,209.21,20.48
2023-03-01,4797.86,4938.04,4795.34,4908.73,243.72,20.93
2023-03-02,4909.1,5036.89,4903.0,4964.99,292.04,21.22
2023-03-03,4940.87,4958.17,4863.93,4945.24,228.44,21.47
2023-03-06,4960.85,5036.87,4960.58,4988.48,257.51,21.49
2023-03-07,4954.89,4959.46,4791.14,4795.22,231.32,20.68
2023-03-08,4782.21,4905.01,4779.53,4890.22,193.33,21.0
2023-03-09,4899.6,4978.99,4838.61,4939.13,197.49,21.32
2023-03-10,4889.51,4932.97,4848.62,4853.69,202.08,20.92
2023-03-13,4829.45,4985.19,4829.27,4985.19,222.85,21.63
2023-03-14,4964.82,4987.04,4882.94,4945.65,222.4,21.54
2023-03-15,4971.6,5000.89,4902.03,4917.75,184.4,21.51
2023-03-16,4876.74,4919.38,4833.89,4846.37,167.12,21.33
2023-03-17,4900.86,5090.29,4900.86,5055.99,275.56,22.48
2023-03-20,5111.37,5222.27,5111.37,5135.4,360.86,23.15
2023-03-21,5147.79,5160.54,5091.64,5160.44,262.37,23.12
2023-03-22,5173.56,5392.06,5160.01,5392.06,364.4,24.39
2023-03-23,5391.56,5599.78,5390.83,5586.43,465.43,25.48
2023-03-24,5571.26,5602.61,5474.2,5593.21,429.57,25.68
2023-03-27,5576.48,5655.01,5480.27,5599.46,460.71,25.6
2023-03-28,5544.25,5557.67,5425.48,5434.32,356.12,24.62
2023-03-29,5443.23,5523.65,5393.89,5458.16,354.53,24.65
2023-03-30,5445.39,5472.83,5258.93,5357.45,339.15,24.51
2023-03-31,5358.35,5471.99,5289.72,5463.57,286.76,24.96
2023-04-03,5494.48,5664.66,5444.98,5664.66,510.51,25.83
2023-04-04,5636.67,5718.79,5596.71,5678.26,452.47,25.77
2023-04-06,5664.63,5916.18,5658.82,5872.4,528.31,27.01
2023-04-07,5949.43,5996.34,5873.01,5994.3,487.28,27.23
2023-04-10,5991.43,6042.37,5742.59,5789.36,482.84,26.16
2023-04-11,5781.86,5827.25,5667.13,5792.93,381.87,26.18
2023-04-12,5777.98,6007.81,5750.84,5954.42,466.77,27.08
2023-04-13,5929.21,5945.67,5671.68,5692.45,453.57,25.93
2023-04-14,5694.94,5758.16,5591.75,5745.24,352.13,26.23
2023-04-17,5702.58,5706.22,5602.79,5637.07,287.4,25.8
2023-04-18,5632.65,5904.69,5589.1,5847.48,419.12,26.89
2023-04-19,5823.44,5940.06,5752.77,5766.85,474.83,26.08
2023-04-20,5806.6,6007.51,5806.6,6006.94,488.5,27.46
2023-04-21,6008.31,6011.98,5718.14,5733.97,484.9,26.32
2023-04-24,5768.93,5912.03,5749.34,5828.5,451.97,26.57
2023-04-25,5758.09,5761.09,5560.78,5623.27,427.6,25.89
2023-04-26,5603.94,5650.84,5394.9,5431.5,410.11,24.65
2023-04-27,5327.71,5405.81,5272.3,5323.57,347.29,24.17
2023-04-28,5314.13,5518.35,5314.13,5506.02,339.09,24.85
2023-05-04,5475.0,5493.85,5305.91,5359.22,316.95,25.39
2023-05-05,5364.35,5373.32,5163.38,5206.81,284.82,24.61
2023-05-08,5209.46,5317.39,5172.43,5302.55,259.26,24.97
2023-05-09,5292.84,5405.54,5247.02,5250.24,280.06,24.81
2023-05-10,5256.51,5321.32,5136.33,5191.51,236.37,24.57
2023-05-11,5204.68,5243.11,5154.11,5161.79,202.43,24.37
2023-05-12,5142.43,5200.95,5100.73,5113.46,193.64,24.12
2023-05-15,5134.25,5220.54,5034.25,5214.16,245.85,24.72
2023-05-16,5203.53,5212.65,5121.08,5141.14,221.58,24.33
2023-05-17,5124.75,5252.31,5098.93,5233.81,208.5,24.94
2023-05-18,5321.6,5512.16,5299.71,5478.69,347.08,25.98
2023-05-19,5460.8,5527.31,5435.67,5471.48,332.93,25.96
2023-05-22,5448.93,5478.6,5310.79,5351.42,228.02,25.31
2023-05-23,5352.15,5357.72,5255.4,5256.47,219.76,24.88
2023-05-24,5221.43,5371.25,5202.46,5274.6,230.84,24.87
2023-05-25,5422.61,5517.31,5293.28,5408.18,350.67,25.76
2023-05-26,5400.86,5531.24,5400.86,5493.82,325.91,26.25
2023-05-29,5567.9,5688.72,5552.57,5594.61,371.86,26.94
2023-05-30,5578.37,5735.05,5523.17,5720.75,367.56,27.45
2023-05-31,5684.26,5768.38,5652.45,5747.81,315.05,27.49
2023-06-01,5683.62,5840.75,5674.15,5788.68,301.1,27.58
2023-06-02,5833.53,5847.86,5768.03,5804.76,293.48,27.19
2023-06-05,5791.17,5992.36,5791.17,5922.22,309.67,28.0
2023-06-06,5892.87,5942.17,5738.27,5756.82,288.31,27.19
2023-06-07,5771.31,5838.13,5723.1,5768.55,257.94,27.19
2023-06-08,5726.3,5736.74,5613.2,5680.31,260.87,26.63
2023-06-09,5683.18,5925.56,5645.06,5903.25,369.15,27.91
2023-06-12,5912.67,6021.37,5910.98,5986.76,362.18,29.26
2023-06-13,5959.43,6111.02,5910.08,6095.31,338.85,29.87
2023-06-14,6097.84,6295.66,6062.78,6234.84,416.26,30.57
2023-06-15,6263.47,6430.38,6261.65,6282.91,467.11,30.58
2023-06-16,6262.75,6605.64,6217.72,6589.45,509.55,32.14
2023-06-19,6640.71,6923.89,6594.46,6897.03,607.43,34.03
2023-06-20,6848.59,7027.95,6759.21,7026.4,629.93,34.32
2023-06-21,6956.53,6956.53,6717.28,6742.15,546.72,32.89
2023-06-26,6634.19,6719.56,6418.24,6465.39,510.15,31.43
2023-06-27,6462.57,6566.37,6387.1,6522.42,371.73,31.58
2023-06-28,6423.95,6424.7,6193.04,6338.42,415.2,30.87
2023-06-29,6346.13,6585.67,6345.07,6539.54,433.81,31.85
2023-06-30,6489.16,6784.75,6486.35,6691.95,485.91,32.81
2023-07-03,6720.87,6729.62,6461.35,6629.03,437.66,32.31
2023-07-04,6598.81,6749.98,6598.81,6679.08,375.95,32.54
2023-07-05,6645.56,6681.66,6495.99,6501.22,374.75,31.65
2023-07-06,6462.25,6671.92,6458.89,6539.76,360.94,31.81
2023-07-07,6544.58,6580.37,6338.64,6507.7,364.61,31.62
2023-07-10,6526.3,6538.89,6350.25,6420.95,293.4,31.27
2023-07-11,6444.2,6565.44,6407.48,6542.88,311.55,31.82
2023-07-12,6516.34,6516.49,6214.29,6223.17,398.54,30.17
2023-07-13,6278.19,6467.51,6241.42,6456.06,364.48,31.61
2023-07-14,6563.78,6731.98,6528.89,6657.24,454.68,33.02
2023-07-17,6631.4,6756.36,6614.62,6673.01,362.3,32.79
2023-07-18,6694.21,6697.88,6516.58,6522.4,292.7,32.08
2023-07-19,6572.11,6609.37,6443.4,6465.48,225.43,31.79
2023-07-20,6460.68,6466.8,6123.64,6128.46,367.65,30.07
2023-07-21,6137.2,6138.14,6028.37,6097.63,262.73,29.9
2023-07-24,6071.6,6284.44,6047.41,6160.16,244.43,30.32
2023-07-25,6237.04,6323.56,6135.8,6230.16,277.28,30.66
2023-07-26,6204.4,6204.4,6026.77,6077.86,251.71,29.89
2023-07-27,6076.2,6101.49,5972.99,6002.58,198.47,29.45
2023-07-28,5979.6,6042.53,5941.3,5996.03,213.48,29.28
2023-07-31,5966.85,6075.77,5943.76,6002.56,242.87,29.31
2023-08-01,6002.81,6146.57,5938.56,6119.01,308.82,29.85
2023-08-02,6098.86,6171.2,6081.33,6114.07,237.45,29.73
2023-08-03,6037.13,6141.91,6011.26,6061.21,211.37,29.58
2023-08-04,6041.46,6275.82,6041.46,6261.85,316.42,30.66
2023-08-07,6295.07,6440.07,6190.36,6228.93,396.1,30.95
2023-08-08,6232.69,6284.76,6138.0,6138.41,264.73,30.41
2023-08-09,6085.85,6117.61,5929.93,5934.22,278.49,29.12
2023-08-10,5899.66,5935.89,5826.58,5870.0,209.64,28.68
2023-08-11,5903.87,5921.74,5771.3,5776.48,165.52,28.31
2023-08-14,5723.26,5814.98,5692.53,5814.98,184.26,28.45
2023-08-15,5884.91,5933.17,5734.86,5770.74,221.42,28.26
2023-08-16,5720.89,5738.59,5613.88,5643.32,188.88,27.61
2023-08-17,5596.24,5743.77,5564.9,5711.73,185.47,27.88
2023-08-18,5709.23,5715.21,5524.73,5524.73,198.66,26.97
2023-08-21,5535.2,5654.59,5522.27,5539.39,160.32,27.1
2023-08-22,5628.66,5771.87,5560.85,5761.61,257.15,28.49
2023-08-23,5713.45,5713.45,5548.45,5548.45,176.55,27.37
2023-08-24,5656.53,5721.84,5552.76,5599.45,225.65,27.83
2023-08-25,5462.02,5471.3,5284.92,5312.12,255.01,26.19
2023-08-28,5622.03,5622.03,5410.09,5418.89,249.95,26.69
2023-08-29,5408.26,5650.55,5389.42,5617.7,265.9,27.79
2023-08-30,5668.85,5805.45,5658.66,5715.95,262.44,28.29
2023-08-31,5683.55,5759.69,5662.47,5710.42,188.02,28.3
2023-09-01,5697.72,5714.46,5590.62,5622.06,154.59,27.78
2023-09-04,5660.41,5692.66,5606.3,5692.64,168.05,27.98
2023-09-05,5687.77,5691.51,5593.42,5608.44,197.95,27.47
2023-09-06,5576.68,5649.95,5508.58,5637.66,198.23,27.57
2023-09-07,5619.99,5619.99,5483.72,5484.3,189.94,26.71
2023-09-08,5443.87,5550.31,5399.46,5521.01,198.61,26.81
2023-09-11,5552.24,5725.95,5514.05,5636.21,334.04,27.32
2023-09-12,5603.94,5706.2,5594.91,5649.01,268.05,27.35
2023-09-13,5621.25,5621.25,5478.14,5520.0,247.7,26.79
2023-09-14,5552.26,5617.83,5493.69,5509.14,264.12,26.84
2023-09-15,5513.02,5519.4,5383.28,5402.36,260.14,26.28
2023-09-18,5379.87,5463.69,5353.7,5361.4,213.34,26.16
2023-09-19,5351.68,5378.48,5257.46,5318.01,205.45,26.02
2023-09-20,5300.84,5405.46,5297.25,5297.25,188.29,25.92
2023-09-21,5280.24,5418.37,5276.9,5328.58,196.01,25.99
2023-09-22,5326.59,5640.14,5314.15,5627.13,370.0,27.51
2023-09-25,5613.62,5637.94,5529.55,5541.66,309.59,27.07
2023-09-26,5564.87,5670.55,5557.11,5580.46,276.3,27.36
2023-09-27,5560.34,5639.62,5560.24,5590.27,253.42,27.36
2023-09-28,5631.66,5714.19,5620.25,5677.26,276.17,27.68
2023-10-09,5655.08,5696.78,5589.68,5668.75,320.39,27.51
2023-10-10,5662.03,5714.54,5655.5,5677.67,275.71,27.46
2023-10-11,5703.81,5811.71,5672.72,5752.54,327.26,27.81
2023-10-12,5782.64,5782.64,5688.77,5711.75,288.81,27.52
2023-10-13,5676.76,5702.75,5618.75,5639.55,314.85,27.05
2023-10-16,5631.52,5632.56,5519.31,5554.52,269.8,26.62
2023-10-17,5558.18,5597.14,5488.49,5553.87,235.77,26.57
2023-10-18,5478.24,5478.24,5343.7,5413.77,269.78,25.93
2023-10-19,5376.23,5435.13,5317.6,5320.31,220.56,25.44
2023-10-20,5317.59,5357.51,5172.84,5184.18,225.47,24.81
2023-10-23,5132.51,5159.86,5018.76,5063.13,257.63,23.9
2023-10-24,5054.85,5125.33,4979.96,5032.07,364.83,23.59
2023-10-25,5037.23,5068.32,4965.35,4980.88,315.38,23.35
2023-10-26,4961.35,5077.79,4946.59,5075.13,330.7,23.8
2023-10-27,5050.77,5098.5,4994.15,5074.51,296.78,23.86
2023-10-30,5045.9,5184.29,5031.17,5170.98,317.57,24.38
2023-10-31,5169.51,5169.51,5054.08,5088.33,278.24,24.11
2023-11-01,5083.15,5125.5,5040.04,5049.3,216.7,23.9
2023-11-02,5074.52,5097.0,4998.14,5001.11,244.59,23.76
2023-11-03,5015.72,5160.17,5015.72,5123.49,281.5,24.25
2023-11-06,5161.61,5251.53,5154.11,5247.95,314.5,24.78
2023-11-07,5225.65,5414.78,5201.34,5362.58,394.12,25.24
2023-11-08,5336.48,5391.11,5300.16,5352.71,335.71,25.18
2023-11-09,5366.78,5425.46,5314.85,5363.9,310.22,25.26
2023-11-10,5326.46,5413.83,5322.2,5342.48,233.03,25.12
2023-11-13,5397.68,5519.79,5397.68,5474.65,349.4,25.78
2023-11-14,5477.09,5556.61,5460.06,5510.72,295.03,26.01
2023-11-15,5580.68,5582.14,5443.25,5508.84,286.34,26.01
2023-11-16,5477.01,5503.24,5413.02,5413.02,232.47,25.51
2023-11-17,5404.37,5525.23,5393.39,5508.99,292.52,25.95
2023-11-20,5488.16,5529.23,5433.59,5493.5,272.05,25.82
2023-11-21,5517.16,5538.52,5416.75,5431.58,296.93,25.55
2023-11-22,5406.8,5406.8,5281.94,5281.94,265.2,24.91
2023-11-23,5282.13,5347.08,5244.3,5341.2,205.45,25.17
2023-11-24,5341.09,5341.6,5198.75,5217.54,206.58,24.64
2023-11-27,5184.67,5268.4,5184.67,5244.82,243.12,24.62
2023-11-28,5229.53,5251.88,5185.86,5235.52,198.84,24.69
2023-11-29,5225.87,5248.87,5186.94,5199.22,212.33,24.48
2023-11-30,5185.4,5204.47,5128.85,5177.42,218.0,24.39
2023-12-01,5170.45,5328.77,5146.1,5300.71,317.25,24.88
2023-12-04,5291.39,5353.87,5251.45,5280.81,307.91,24.73
2023-12-05,5260.42,5260.42,5130.65,5133.6,263.51,23.97
2023-12-06,5115.22,5159.03,5096.28,5120.29,191.01,23.94
2023-12-07,5128.63,5198.36,5103.28,5168.24,229.48,24.18
2023-12-08,5190.48,5438.91,5187.98,5393.83,415.04,25.43
2023-12-11,5354.5,5448.35,5304.65,5448.35,359.44,25.84
2023-12-12,5430.42,5457.92,5330.81,5384.08,303.99,25.53
2023-12-13,5378.88,5389.23,5302.21,5302.21,226.2,25.16
2023-12-14,5338.48,5409.52,5282.51,5286.93,241.28,25.07
2023-12-15,5300.39,5319.45,5192.35,5223.57,221.33,24.79
2023-12-18,5209.82,5239.43,5166.49,5179.23,202.9,24.65
2023-12-19,5173.58,5213.69,5124.07,5185.88,164.32,24.71
2023-12-20,5190.93,5191.07,5050.91,5051.79,190.4,24.06
2023-12-21,5025.19,5189.3,4996.97,5135.72,221.66,24.4
2023-12-22,5123.74,5161.3,5040.14,5060.77,206.65,24.05
2023-12-25,5064.47,5131.65,5039.01,5088.43,156.7,24.12
2023-12-26,5072.18,5078.32,4935.05,4968.56,172.47,23.61
2023-12-27,4986.92,5023.67,4957.43,4996.49,159.03,23.73
2023-12-28,4990.82,5181.59,4980.48,5152.86,254.14,24.54
2023-12-29,5143.01,5274.28,5137.91,5261.35,246.14,25.05
2024-01-02,5251.49,5251.49,5142.66,5142.66,204.43,24.34
2024-01-03,5115.71,5135.7,5016.8,5050.76,188.37,23.93
2024-01-04,5046.94,5051.04,4975.66,5000.9,164.24,23.61
2024-01-05,4999.13,4999.13,4829.22,4857.85,199.01,23.02
2024-01-08,4843.06,4843.06,4747.0,4747.0,155.11,22.52
2024-01-09,4795.19,4841.78,4742.12,4777.71,174.2,22.64
2024-01-10,4750.21,4787.72,4659.38,4702.01,140.37,22.26
2024-01-11,4698.71,4843.32,4698.01,4825.62,168.11,22.82
2024-01-12,4803.91,4803.91,4721.27,4732.95,138.09,22.4
2024-01-15,4697.45,4784.67,4681.02,4738.55,138.6,22.35
2024-01-16,4734.84,4754.18,4668.86,4750.2,167.26,22.43
2024-01-17,4742.72,4768.3,4662.89,4662.89,157.5,22.03
2024-01-18,4624.06,4838.41,4606.84,4838.41,277.89,22.92
2024-01-19,4851.78,4892.02,4817.14,4820.83,219.4,22.96
2024-01-22,4886.31,4901.79,4661.16,4695.65,287.75,22.48
2024-01-23,4672.95,4856.03,4665.39,4813.35,264.45,22.95
2024-01-24,4831.67,4866.66,4662.07,4851.26,278.38,23.15
2024-01-25,4825.6,5025.84,4803.67,5012.15,313.19,23.97
2024-01-26,4966.39,4983.46,4862.14,4884.68,237.82,23.32
2024-01-29,4859.74,4860.37,4623.67,4627.67,242.31,22.11
2024-01-30,4587.23,4632.29,4486.61,4490.04,172.33,21.51
2024-01-31,4445.69,4504.54,4368.32,4368.32,198.52,20.95
2024-02-01,4336.11,4606.73,4294.35,4507.86,236.41,21.8
2024-02-02,4513.68,4581.65,4261.56,4385.36,242.29,21.14
2024-02-05,4355.9,4467.36,4158.88,4311.87,279.54,21.02
2024-02-06,4240.3,4647.57,4233.89,4644.45,294.15,22.51
2024-02-07,4628.02,4776.15,4623.11,4746.22,280.14,22.9
2024-02-08,4816.17,5005.57,4816.17,4865.37,323.51,23.41
2024-02-19,5036.23,5240.06,4966.3,5239.07,379.23,25.22
2024-02-20,5207.16,5307.6,5168.75,5291.64,363.91,25.74
2024-02-21,5172.21,5291.82,5148.15,5180.53,346.57,25.09
2024-02-22,5293.54,5328.05,5188.88,5307.2,358.55,25.76
2024-02-23,5388.92,5422.3,5272.73,5317.13,381.88,25.83
2024-02-26,5242.85,5378.17,5232.99,5323.23,330.71,25.72
2024-02-27,5289.36,5689.21,5276.7,5666.44,505.43,27.41
2024-02-28,5669.87,5713.42,5329.48,5329.48,517.06,25.82
2024-02-29,5326.01,5632.1,5326.01,5614.84,446.86,27.1
2024-03-01,5635.35,5872.39,5634.94,5830.89,533.91,28.31
2024-03-04,5939.71,6050.17,5813.02,5981.5,527.65,29.42
2024-03-05,5906.33,6170.68,5888.6,5949.03,624.36,29.47
2024-03-06,5899.44,6020.53,5869.19,5959.75,463.09,29.33
2024-03-07,5984.66,6049.37,5811.71,5825.57,429.13,28.96
2024-03-08,5893.7,6144.64,5851.28,6129.61,517.61,30.64
2024-03-11,5980.61,6172.24,5937.58,6150.51,498.84,31.04
2024-03-12,6128.07,6182.78,5976.0,6054.26,488.1,30.4
2024-03-13,6151.37,6238.37,6046.72,6057.58,538.3,30.26
2024-03-14,5942.12,6074.22,5922.22,6009.52,477.46,29.65
2024-03-15,5964.63,6187.92,5941.35,6163.83,501.87,30.25
2024-03-18,6184.99,6346.11,6184.99,6312.1,555.0,31.3
2024-03-19,6233.27,6358.8,6189.42,6282.53,523.7,31.34
2024-03-20,6253.79,6345.22,6163.35,6234.76,453.46,31.07
2024-03-21,6233.93,6285.37,6181.03,6188.92,424.31,30.82
2024-03-22,6161.29,6222.78,6069.97,6142.55,446.36,30.46
2024-03-25,6130.79,6208.32,6005.81,6005.95,381.28,29.81
2024-03-26,5973.61,6082.86,5765.02,5863.81,480.06,29.24
2024-03-27,5869.88,5871.4,5621.58,5624.62,392.78,27.98
2024-03-28,5633.54,5899.07,5632.42,5806.65,437.74,29.0
2024-03-29,5777.13,5876.53,5696.25,5873.1,337.74,29.11
2024-04-01,5907.58,6025.46,5885.99,6024.91,381.97,29.83
2024-04-02,5989.32,6039.6,5886.2,5935.3,336.03,29.36
2024-04-03,5883.59,5884.7,5736.01,5744.65,277.88,28.34
2024-04-08,5696.52,5840.73,5696.04,5738.18,268.34,28.31
2024-04-09,5733.2,5765.6,5646.96,5733.48,224.81,28.26
2024-04-10,5690.48,5701.79,5538.61,5569.9,226.48,27.47
2024-04-11,5567.41,5684.25,5567.28,5595.58,215.62,27.61
2024-04-12,5651.97,5877.29,5651.97,5759.09,339.15,28.44
2024-04-15,5734.09,5850.04,5719.91,5799.85,304.52,28.62
2024-04-16,5734.67,5774.7,5619.34,5623.32,292.13,27.83
2024-04-17,5693.38,5871.35,5672.21,5870.9,326.1,28.95
2024-04-18,5801.23,5981.73,5729.18,5873.56,331.77,29.08
2024-04-19,5824.0,5863.38,5657.1,5757.68,302.39,28.41
2024-04-22,5531.2,5651.7,5438.62,5623.85,296.87,27.66
2024-04-23,5633.61,5679.24,5557.69,5597.85,250.12,27.46
2024-04-24,5607.73,5839.55,5580.58,5826.46,383.59,28.67
2024-04-25,5754.43,5789.99,5703.82,5722.11,282.87,28.15
2024-04-26,5813.35,6060.93,5813.28,6023.48,543.41,29.77
2024-04-29,6072.48,6156.08,6069.71,6134.69,449.55,30.19
2024-04-30,6145.39,6185.62,6057.89,6064.74,310.66,29.88
2024-05-06,6164.76,6182.86,6059.88,6068.68,326.09,26.68
2024-05-07,6112.55,6138.43,5932.38,6016.49,384.04,26.66
2024-05-08,5970.06,6014.14,5922.55,5933.97,270.34,26.2
2024-05-09,5907.24,5973.83,5864.83,5951.36,257.45,26.21
2024-05-10,5930.6,5938.29,5836.11,5908.18,240.36,26.01
2024-05-13,5893.2,5969.94,5873.16,5901.73,297.43,26.02
2024-05-14,5922.56,5970.79,5806.67,5854.36,243.4,25.87
2024-05-15,5839.25,5947.92,5815.43,5833.28,204.75,25.88
2024-05-16,5940.98,6018.34,5901.58,5917.32,335.25,26.43
2024-05-17,5865.25,5975.66,5821.12,5964.99,280.61,26.61
2024-05-20,5900.44,6052.76,5856.7,6045.52,331.75,26.97
2024-05-21,6025.34,6046.74,5973.26,5995.55,222.9,26.73
2024-05-22,5976.06,5982.33,5921.93,5939.52,219.21,26.48
2024-05-23,5997.75,6008.54,5820.53,5886.16,268.78,26.35
2024-05-24,5859.8,5997.65,5715.97,5721.58,308.94,25.42
2024-05-27,5756.23,5821.77,5712.25,5808.24,250.82,25.86
2024-05-28,5766.9,5839.68,5707.1,5708.84,235.33,25.4
2024-05-29,5755.29,5781.67,5674.52,5690.97,185.1,25.37
2024-05-30,5663.11,5716.97,5608.68,5676.21,153.82,25.1
2024-05-31,5634.55,5770.85,5606.57,5641.6,212.98,24.73
2024-06-03,5661.46,5830.15,5658.6,5761.0,291.11,25.3
2024-06-04,5751.98,5807.55,5705.91,5792.73,203.9,25.4
2024-06-05,5777.49,5808.16,5701.33,5701.37,181.39,25.07
2024-06-06,5789.25,5896.78,5737.24,5751.08,318.92,25.27
2024-06-07,5742.05,5754.05,5552.82,5606.72,257.56,23.39
2024-06-11,5591.67,5663.29,5577.98,5645.88,180.29,23.38
2024-06-12,5650.26,5754.37,5646.04,5681.43,197.83,23.53
2024-06-13,5715.99,5866.14,5695.14,5791.91,250.61,24.19
2024-06-14,5795.11,6125.32,5767.76,6067.54,390.41,25.29
2024-06-17,6088.76,6176.5,6083.26,6135.06,330.03,25.58
2024-06-18,6131.87,6357.5,6131.45,6278.44,351.07,26.24
2024-06-19,6336.37,6342.91,6225.69,6242.45,270.35,26.07
2024-06-20,6241.28,6293.17,6154.36,6154.75,243.06,25.81
2024-06-21,6050.44,6216.82,6030.38,6166.52,240.42,25.84
2024-06-24,6122.29,6182.3,5966.69,5981.33,251.27,25.04
2024-06-25,5889.64,5928.72,5747.97,5791.43,251.69,24.23
2024-06-26,5855.38,5971.55,5812.66,5957.61,235.59,24.89
2024-06-27,5896.94,5946.22,5822.23,5826.2,186.25,24.39
2024-06-28,5814.27,6041.56,5813.06,5960.49,264.58,24.93
2024-07-01,5954.77,6106.91,5905.99,6072.29,248.87,25.37
2024-07-02,6056.52,6088.44,5971.39,5996.28,226.27,24.94
2024-07-03,5962.41,5971.39,5854.83,5921.23,165.29,24.7
2024-07-04,5975.41,6028.16,5878.68,5881.17,186.02,24.54
2024-07-05,5871.66,5908.1,5760.97,5882.95,176.06,24.51
2024-07-08,5892.4,5946.38,5841.5,5859.66,179.12,24.41
2024-07-09,5849.65,6215.4,5832.92,6193.5,341.59,25.87
2024-07-10,6180.19,6274.11,6168.43,6233.82,277.97,26.03
2024-07-11,6322.53,6326.26,6111.39,6230.9,310.59,26.03
2024-07-12,6103.94,6130.38,6045.77,6094.61,212.89,25.27
2024-07-15,6045.33,6047.67,5950.13,6009.26,182.33,24.93
2024-07-16,6026.75,6084.09,5928.3,6074.23,268.59,25.28
2024-07-17,6035.67,6042.96,5895.5,5895.5,233.63,24.42
2024-07-18,5778.42,5847.58,5643.56,5840.56,280.23,24.14
2024-07-19,5781.85,5855.71,5772.58,5796.29,213.93,23.88
2024-07-22,5783.91,5852.13,5750.9,5816.72,190.96,23.96
2024-07-23,5867.4,5868.93,5651.78,5652.02,183.31,23.35
2024-07-24,5621.55,5756.39,5598.11,5617.48,179.54,23.18
2024-07-25,5529.29,5542.86,5406.59,5479.54,220.26,22.56
2024-07-26,5482.84,5606.76,5460.61,5576.44,174.91,22.91
2024-07-29,5576.67,5688.26,5545.51,5629.02,207.78,23.11
2024-07-30,5589.56,5620.62,5526.76,5584.39,182.94,22.73
2024-07-31,5566.69,5749.24,5547.91,5746.73,269.32,23.51
2024-08-01,5846.16,5865.13,5752.47,5752.84,253.7,23.51
2024-08-02,5606.13,5646.96,5477.42,5480.38,267.25,22.34
2024-08-05,5329.58,5428.34,5174.69,5181.12,282.32,21.02
2024-08-06,5302.62,5348.9,5208.47,5265.09,200.51,21.33
2024-08-07,5259.7,5356.79,5242.23,5292.38,186.15,21.31
2024-08-08,5240.39,5281.06,5165.04,5222.43,179.94,21.13
2024-08-09,5280.38,5336.7,5240.2,5240.2,182.39,21.24
2024-08-12,5215.18,5286.48,5203.65,5223.25,132.28,21.19
2024-08-13,5247.11,5305.82,5214.03,5280.63,134.84,21.39
2024-08-14,5335.35,5337.62,5248.7,5248.7,158.45,21.42
2024-08-15,5215.39,5302.09,5202.89,5248.99,143.07,21.25
2024-08-16,5303.92,5404.75,5303.92,5341.78,203.02,21.64
2024-08-19,5340.85,5429.8,5319.44,5357.64,161.38,21.62
2024-08-20,5391.13,5402.17,5285.66,5302.88,156.77,21.42
2024-08-21,5258.73,5371.61,5254.29,5304.57,137.17,21.47
2024-08-22,5311.24,5321.04,5217.79,5222.73,154.85,21.14
2024-08-23,5201.48,5253.82,5167.74,5232.18,147.31,21.2
2024-08-26,5265.02,5273.65,5137.18,5163.84,165.49,20.91
2024-08-27,5135.3,5135.3,5065.95,5077.12,162.18,20.57
2024-08-28,5052.38,5122.24,5028.37,5069.92,141.19,20.51
2024-08-29,4964.99,5071.54,4903.44,5041.09,220.48,20.32
2024-08-30,5021.89,5231.7,5021.89,5174.67,267.86,21.01
2024-09-02,5164.94,5170.97,4982.17,4982.17,204.01,21.13
2024-09-03,4975.23,5037.66,4966.4,5033.12,146.36,21.31
2024-09-04,4900.3,5025.71,4882.61,4994.76,179.39,21.09
2024-09-05,4992.62,5087.39,4973.91,5034.76,145.74,21.21
2024-09-06,5029.35,5039.86,4920.9,4921.74,123.48,20.72
2024-09-09,4870.35,4940.63,4867.22,4937.71,142.62,20.78
2024-09-10,4936.93,5065.28,4898.5,5028.64,193.99,21.1
2024-09-11,5029.46,5089.22,5019.07,5049.52,156.56,21.18
2024-09-12,5138.3,5161.65,5043.09,5043.82,162.37,21.11
2024-09-13,5048.96,5191.31,5048.96,5113.22,216.4,21.41
2024-09-18,5089.89,5123.96,5042.46,5087.25,127.08,21.25
2024-09-19,5114.7,5129.11,5004.29,5093.31,170.59,21.3
2024-09-20,5133.88,5147.84,5069.79,5100.49,149.61,21.37
2024-09-23,5107.82,5221.12,5089.28,5145.91,178.0,21.52
2024-09-24,5166.07,5431.71,5140.17,5425.66,338.47,22.8
2024-09-25,5509.99,5580.54,5433.41,5443.76,354.04,22.98
2024-09-26,5438.13,5618.35,5411.35,5618.35,296.09,23.63
2024-09-27,5652.17,5950.01,5630.08,5906.26,432.44,24.92
2024-09-30,6125.1,6643.24,6002.02,6629.22,703.06,27.87
2024-10-08,7515.73,7515.73,6910.41,7504.02,961.57,31.29
2024-10-09,7266.73,7429.26,6811.7,6882.05,798.66,28.71
2024-10-10,6968.04,7024.41,6618.42,6785.22,548.0,28.44
2024-10-11,6709.84,6771.8,6432.0,6532.87,427.91,27.27
2024-10-14,6539.55,6708.4,6384.11,6705.28,451.66,27.94
2024-10-15,6675.47,6834.92,6546.73,6546.84,421.76,27.26
2024-10-16,6364.21,6468.07,6311.44,6360.21,370.29,26.36
2024-10-17,6432.94,6528.57,6401.28,6407.4,389.39,26.52
2024-10-18,6403.78,7061.07,6401.38,6872.54,682.22,28.52
2024-10-21,6937.07,7159.37,6818.96,6979.09,737.08,28.91
2024-10-22,7045.54,7069.92,6897.69,7022.44,671.43,29.07
2024-10-23,6876.45,7061.93,6824.69,6914.31,668.62,28.58
2024-10-24,6897.44,7161.69,6863.71,7005.01,657.79,28.74
2024-10-25,7070.9,7152.8,6998.19,7085.73,572.54,29.04
2024-10-28,7086.41,7123.4,6974.81,7054.26,572.12,28.81
2024-10-29,7052.84,7164.76,6964.81,6994.38,658.01,28.54
2024-10-30,6968.53,7114.33,6931.82,7011.83,582.21,28.5
2024-10-31,6988.71,7137.79,6921.01,7070.66,637.22,28.49
2024-11-01,7015.64,7045.13,6821.21,6835.22,614.91,26.2
2024-11-04,6816.51,7021.19,6816.15,6984.75,489.01,26.86
2024-11-05,6971.95,7231.33,6951.39,7194.56,696.74,27.61
2024-11-06,7221.97,7264.29,7069.19,7122.08,722.83,27.23
2024-11-07,7022.71,7247.15,7004.3,7242.79,612.08,27.78
2024-11-08,7328.0,7590.89,7328.0,7363.78,864.5,28.46
2024-11-11,7338.2,7614.25,7268.17,7596.98,819.94,29.33
2024-11-12,7599.64,7621.29,7394.97,7475.52,807.18,28.59
2024-11-13,7421.52,7664.06,7390.56,7617.3,708.26,29.24
2024-11-14,7585.52,7617.56,7259.0,7273.19,609.73,27.8
2024-11-15,7259.74,7362.11,6988.21,6997.16,566.25,26.82
2024-11-18,6989.03,7019.52,6739.82,6788.44,488.75,26.05
2024-11-19,6831.6,6968.22,6733.52,6954.01,475.69,26.65
2024-11-20,6949.26,7097.47,6944.13,7074.97,510.83,26.98
2024-11-21,7037.79,7100.72,6929.63,6987.85,564.06,26.53
2024-11-22,6967.56,7077.1,6741.43,6742.34,568.79,25.68
2024-11-25,6739.13,6757.23,6461.96,6587.04,521.63,25.08
2024-11-26,6587.52,6673.28,6575.03,6581.59,429.65,25.06
2024-11-27,6517.58,6703.66,6453.42,6700.65,449.27,25.5
2024-11-28,6689.0,6689.38,6560.81,6570.65,425.85,25.03
2024-11-29,6565.91,6789.0,6565.91,6700.39,453.33,25.58
2024-12-02,6724.78,6898.8,6724.29,6851.68,524.25,26.15
2024-12-03,6839.48,6858.3,6710.84,6781.67,407.49,25.86
2024-12-04,6766.31,6796.92,6626.87,6665.74,338.17,25.43
2024-12-05,6665.47,6802.39,6665.09,6750.96,358.61,25.82
2024-12-06,6757.51,6847.94,6722.41,6794.46,345.3,26.03
2024-12-09,6781.18,6781.59,6630.72,6684.81,360.36,25.65
2024-12-10,6886.96,6890.78,6692.7,6702.06,491.67,25.65
2024-12-11,6694.8,6857.28,6675.18,6843.55,472.29,26.06
2024-12-12,6857.96,6947.64,6850.52,6915.23,501.98,26.27
2024-12-13,6878.06,6927.53,6746.29,6758.12,514.79,25.6
2024-12-16,6787.73,6800.86,6675.79,6745.0,532.04,25.59
2024-12-17,6764.48,6986.32,6764.48,6783.23,697.17,25.88
2024-12-18,6795.63,6898.99,6700.97,6826.87,547.7,25.91
2024-12-19,6783.31,7080.17,6783.31,7047.19,795.37,26.92
2024-12-20,6997.22,7169.22,6975.3,7059.95,705.3,27.0
2024-12-23,7074.29,7117.32,6918.0,6919.24,683.93,26.64
2024-12-24,6954.66,6995.45,6820.72,6977.2,544.31,27.11
2024-12-25,6962.73,7066.34,6949.31,6999.7,583.31,27.17
2024-12-26,6993.52,7326.66,6952.06,7298.9,725.1,28.32
2024-12-27,7297.68,7299.28,7141.21,7173.39,641.08,27.6
2024-12-30,7190.61,7203.2,7052.93,7067.07,624.91,27.3
2024-12-31,7077.6,7096.75,6843.18,6849.14,590.51,26.31
2025-01-02,6820.1,6841.97,6556.51,6628.12,593.44,25.43
2025-01-03,6644.96,6651.22,6423.51,6434.61,518.09,24.86
2025-01-06,6458.85,6559.02,6331.56,6389.0,429.54,24.74
2025-01-07,6415.77,6583.48,6370.9,6580.62,508.87,25.48
2025-01-08,6493.05,6553.54,6296.73,6496.55,512.78,25.08
2025-01-09,6450.97,6585.84,6446.6,6550.3,520.49,25.22
2025-01-10,6525.67,6526.13,6310.47,6310.47,504.36,24.28
2025-01-13,6238.71,6397.21,6237.95,6312.68,383.22,24.25
2025-01-14,6326.86,6645.62,6231.68,6616.76,547.4,25.42
2025-01-15,6579.45,6606.86,6490.61,6509.24,446.97,24.99
2025-01-16,6563.21,6744.79,6521.01,6700.95,641.74,25.77
2025-01-17,6674.2,6822.01,6611.08,6760.32,570.92,25.96
2025-01-20,6798.79,6935.72,6765.14,6847.64,562.28,26.28
2025-01-21,6983.77,7052.72,6890.55,7016.67,647.94,26.93
2025-01-22,7043.65,7265.37,7036.91,7197.79,720.52,27.94
2025-01-23,7265.74,7360.75,7028.52,7042.42,768.23,27.37
2025-01-24,7019.84,7219.84,7019.71,7207.58,636.88,27.99
2025-01-27,7085.03,7086.3,6819.3,6819.3,608.55,26.43
2025-02-05,6753.92,6758.56,6523.66,6577.26,692.78,25.43
2025-02-06,6610.01,6813.62,6602.79,6790.34,670.1,26.2
2025-02-07,6802.31,7082.08,6802.31,6967.25,794.74,26.97
2025-02-10,7018.69,7034.63,6930.39,7024.19,632.04,27.13
2025-02-11,7030.66,7086.88,6986.34,7015.34,566.98,27.11
2025-02-12,6997.71,7119.78,6988.78,7118.13,626.1,27.58
2025-02-13,7085.27,7085.27,6913.6,6915.91,665.56,26.8
2025-02-14,6916.07,7008.55,6863.14,6922.75,591.04,26.93
2025-02-17,6980.83,7227.06,6980.83,7164.77,751.67,27.88
2025-02-18,7107.24,7183.05,6963.56,6991.71,627.32,27.25
2025-02-19,6982.61,7130.61,6944.02,7126.13,546.05,27.8
2025-02-20,7127.91,7157.69,7040.13,7125.49,602.51,27.65
2025-02-21,7162.9,7409.14,7133.57,7380.77,905.04,28.7
2025-02-24,7352.62,7359.25,7224.57,7296.87,797.47,28.49
2025-02-25,7120.36,7309.57,7115.96,7207.76,687.26,28.13
2025-02-26,7221.89,7253.76,7113.45,7252.88,676.78,28.21
2025-02-27,7268.31,7293.83,6938.06,7020.23,697.36,27.28
2025-02-28,6876.09,6876.4,6629.15,6659.78,671.03,25.99
2025-03-03,6656.65,6671.24,6496.16,6575.47,590.31,25.74
2025-03-04,6445.72,6647.11,6442.27,6643.67,457.45,25.96
2025-03-05,6655.7,6735.42,6637.69,6719.88,480.2,26.2
2025-03-06,6768.84,6895.27,6752.03,6861.88,667.11,26.73
2025-03-07,6819.22,6851.58,6723.3,6754.75,527.48,26.35
2025-03-10,6744.48,6776.58,6675.07,6752.42,380.84,26.38
2025-03-11,6630.21,6713.93,6625.17,6709.46,326.7,26.17
2025-03-12,6745.67,6886.09,6716.39,6791.09,494.31,26.46
2025-03-13,6806.99,6839.11,6627.97,6669.67,446.63,26.0
2025-03-14,6665.28,6814.33,6637.13,6806.15,494.82,26.6
2025-03-17,6860.84,6877.91,6817.99,6840.11,438.33,26.75
2025-03-18,6839.02,6935.4,6793.98,6927.32,506.99,26.95
2025-03-19,6859.25,6861.49,6739.21,6761.15,437.82,26.33
2025-03-20,6765.12,6797.45,6722.83,6727.87,356.83,26.16
2025-03-21,6697.81,6744.41,6574.91,6588.76,429.62,25.67
2025-03-24,6587.07,6630.37,6441.17,6576.05,397.3,25.74
2025-03-25,6581.49,6619.79,6452.15,6466.59,311.06,25.26
2025-03-26,6455.95,6511.41,6439.23,6439.48,239.23,25.15
2025-03-27,6393.92,6476.46,6310.26,6402.73,269.26,25.03
2025-03-28,6397.42,6431.79,6356.91,6356.91,225.13,24.85
2025-03-31,6314.65,6376.16,6264.63,6362.42,266.84,24.84
2025-04-01,6379.98,6398.18,6337.58,6348.21,217.41,24.79
2025-04-02,6349.28,6457.66,6340.76,6401.12,241.58,24.96
2025-04-03,6291.04,6342.43,6148.77,6204.76,331.43,24.15
2025-04-07,5620.78,5707.84,5365.87,5399.3,315.38,21.2
2025-04-08,5343.39,5443.66,5148.26,5245.47,414.13,20.35
2025-04-09,5105.51,5407.76,4983.76,5378.31,387.32,20.98
2025-04-10,5664.08,5739.79,5598.16,5603.55,421.34,22.07
2025-04-11,5538.31,5726.1,5538.31,5662.27,301.92,22.19
2025-04-14,5808.79,5851.07,5723.81,5738.49,306.97,22.46
2025-04-15,5725.35,5739.13,5637.86,5686.65,196.07,22.32
2025-04-16,5624.55,5625.53,5489.11,5581.27,216.56,21.85
2025-04-17,5538.03,5634.48,5538.03,5560.41,169.61,21.77
2025-04-18,5553.25,5698.62,5553.25,5682.93,243.33,22.15
2025-04-21,5715.94,5778.93,5668.18,5775.93,281.19,22.45
2025-04-22,5752.61,5759.85,5714.55,5725.3,281.64,22.27
2025-04-23,5805.73,5919.17,5774.31,5873.51,423.3,22.82
2025-04-24,5847.25,5852.81,5762.32,5775.63,295.95,22.47
2025-04-25,5808.06,5941.82,5808.06,5883.05,361.73,22.87
2025-04-28,5883.83,5884.99,5800.85,5802.72,254.61,22.58
2025-04-29,5775.07,5823.1,5723.59,5789.57,247.69,22.47
2025-04-30,5796.03,5848.43,5766.82,5827.58,270.48,22.57
2025-05-06,5907.65,6037.7,5907.65,6037.21,376.06,21.72
2025-05-07,6136.38,6149.73,5984.88,6038.43,363.91,21.66
2025-05-08,6058.0,6309.84,6055.82,6278.78,548.9,22.39
2025-05-09,6246.23,6249.55,6150.28,6193.67,402.72,22.02
2025-05-12,6312.96,6347.89,6264.75,6344.89,436.78,22.56
2025-05-13,6450.02,6450.02,6307.46,6310.44,440.11,22.42
2025-05-14,6353.8,6447.49,6330.46,6351.82,444.9,22.63
2025-05-15,6350.81,6350.81,6180.21,6180.31,325.12,22.03
2025-05-16,6152.41,6282.27,6148.51,6233.32,303.81,22.21
2025-05-19,6228.41,6230.53,6156.91,6199.43,270.19,22.06
2025-05-20,6206.37,6253.92,6163.98,6225.33,269.69,22.12
2025-05-21,6228.72,6234.68,6174.75,6194.99,278.02,22.01
2025-05-22,6164.7,6257.6,6150.55,6178.68,283.96,21.96
2025-05-23,6172.68,6197.2,6068.28,6071.09,252.67,21.58
2025-05-26,6072.39,6128.92,6062.61,6122.3,235.1,21.74
2025-05-27,6097.81,6097.82,5996.95,6036.2,262.32,21.37
2025-05-28,6053.04,6133.66,6053.04,6113.53,294.43,21.09
2025-05-29,6135.51,6281.7,6135.51,6266.48,388.37,21.75
2025-05-30,6207.27,6215.27,6150.6,6187.93,308.7,21.32
2025-06-03,6155.58,6229.83,6146.71,6155.71,287.67,21.24
2025-06-04,6197.47,6331.98,6196.66,6299.81,391.28,21.68
2025-06-05,6303.47,6506.58,6283.63,6491.91,480.69,22.46
2025-06-06,6463.02,6558.87,6450.29,6527.55,416.21,22.51
2025-06-09,6580.15,6706.81,6562.33,6640.15,463.36,22.7
2025-06-10,6613.54,6619.58,6481.19,6542.16,390.54,22.34
2025-06-11,6566.16,6626.55,6539.43,6544.49,309.31,22.43
2025-06-12,6516.87,6770.62,6512.38,6664.55,503.79,22.86
2025-06-13,6618.61,6721.54,6584.72,6616.62,422.73,22.74
2025-06-16,6600.2,6826.29,6598.63,6759.63,446.46,23.51
2025-06-17,6773.5,6784.73,6680.27,6718.66,336.67,23.2
2025-06-18,6695.98,6868.12,6641.45,6860.33,451.88,23.77
2025-06-19,6824.48,6911.55,6772.94,6799.71,435.35,23.53
2025-06-20,6811.38,6818.52,6685.92,6712.73,343.71,23.16
2025-06-23,6640.2,6717.54,6588.35,6694.14,341.94,23.0
2025-06-24,6725.75,6798.66,6725.75,6780.48,384.94,23.34
2025-06-25,6839.92,6890.55,6787.45,6890.07,457.07,23.76
2025-06-26,6926.07,7043.4,6923.55,6948.49,492.7,23.93
2025-06-27,6940.52,7158.63,6875.15,7111.46,539.17,24.47
2025-06-30,7157.89,7275.36,7116.8,7272.93,566.49,24.92
2025-07-01,7229.79,7264.24,7195.3,7251.19,406.99,24.83
2025-07-02,7192.77,7192.77,7063.16,7083.47,384.87,24.28
2025-07-03,7129.33,7311.61,7129.33,7269.79,459.07,25.24
2025-07-04,7269.29,7317.48,7172.58,7176.29,453.92,25.08
2025-07-07,7128.57,7170.78,6988.78,7103.71,380.74,24.9
2025-07-08,7118.17,7435.78,7115.86,7426.97,560.72,26.35
2025-07-09,7442.03,7517.69,7416.1,7437.65,466.78,26.42
2025-07-10,7472.78,7508.91,7346.4,7436.98,478.85,26.32
2025-07-11,7429.58,7461.09,7383.65,7403.51,417.89,26.2
2025-07-14,7401.03,7450.17,7350.83,7414.1,356.66,26.21
2025-07-15,7604.39,7870.44,7604.39,7858.24,723.67,27.62
2025-07-16,7925.1,8107.35,7850.01,7873.26,735.69,27.48
2025-07-17,7828.43,8166.8,7827.96,8155.11,663.96,28.38
2025-07-18,8211.28,8341.27,8105.22,8138.63,608.15,28.19
2025-07-21,8138.99,8216.1,8013.91,8159.07,554.64,28.2
2025-07-22,8147.13,8354.63,8077.07,8126.36,615.47,28.13
2025-07-23,8026.0,8138.43,7963.49,8101.88,501.21,28.02
2025-07-24,8179.33,8197.16,8034.44,8152.24,562.4,28.51
2025-07-25,8151.24,8209.78,8113.8,8150.75,400.5,28.53
2025-07-28,8181.88,8327.6,8136.06,8312.03,588.95,29.15
2025-07-29,8326.83,8680.49,8326.27,8679.56,751.87,30.5
2025-07-30,8604.22,8751.92,8516.12,8693.84,637.83,30.99
2025-07-31,8828.44,9046.02,8720.09,8753.87,926.12,31.5
2025-08-01,8666.57,8834.08,8504.61,8612.66,644.02,30.84
2025-08-04,8511.96,8660.27,8483.34,8648.26,488.96,30.96
2025-08-05,8769.52,8813.47,8596.93,8799.66,690.85,31.86
2025-08-06,8707.44,8869.32,8701.45,8824.17,524.65,31.74
2025-08-07,8873.52,8985.15,8614.64,8812.13,643.21,31.99
2025-08-08,8782.73,8936.75,8731.8,8817.58,550.02,32.23
2025-08-11,8820.38,9069.6,8820.38,8992.21,614.8,32.62
2025-08-12,9005.87,9284.67,8991.8,9284.67,669.12,34.14
2025-08-13,9315.35,9914.07,9269.34,9909.78,910.13,36.56
2025-08-14,9846.21,9887.03,9647.44,9648.29,801.19,35.73
2025-08-15,9602.2,9814.08,9602.2,9750.4,733.47,36.35
2025-08-18,9785.63,10295.7,9686.05,10152.1,1067.77,37.46
2025-08-19,10136.3,10565.0,10129.4,10548.1,1021.72,39.5
2025-08-20,10298.49,10591.23,10131.88,10591.23,1029.28,39.38
2025-08-21,10706.47,10747.95,10348.1,10481.59,1064.8,38.43
2025-08-22,10406.81,10940.74,10404.96,10902.2,1074.37,39.69
2025-08-25,11148.31,11562.29,11010.56,11554.19,1393.73,41.83
2025-08-26,11534.62,11665.85,11327.55,11393.98,1119.47,40.96
2025-08-27,11514.73,12194.05,11487.23,11662.45,1468.03,41.69
2025-08-28,11616.0,12681.1,11616.0,12678.53,1730.34,45.1
2025-08-29,12551.62,12841.73,12388.12,12767.74,1467.28,46.44
2025-09-01,12995.21,13738.26,12723.96,13555.21,1595.26,47.21
2025-09-02,13516.55,13805.11,12531.81,12742.42,1766.77,44.62
2025-09-03,12768.6,13234.61,12469.02,13029.57,1368.11,45.47
2025-09-04,13289.76,13449.52,11639.74,11811.78,1694.23,42.11
2025-09-05,11967.72,12744.7,11682.02,12608.5,1384.57,44.66
2025-09-08,12414.56,12414.56,11526.39,11979.36,1246.18,42.16
2025-09-09,11857.7,12004.49,11533.88,11750.26,914.77,41.07
2025-09-10,12183.28,12474.59,12019.98,12278.33,1230.93,43.37
2025-09-11,12550.54,13403.55,12472.73,13403.55,1497.17,47.37
2025-09-12,13036.52,13361.49,12935.93,13143.04,1289.76,47.31
2025-09-15,12892.85,13109.33,12709.25,12908.89,956.03,46.27
2025-09-16,12908.7,13137.53,12683.27,12983.77,1053.57,46.45
2025-09-17,12888.25,13152.09,12692.21,13062.08,971.99,47.01
2025-09-18,12850.24,13637.84,12850.24,13256.79,1547.86,48.21
2025-09-19,13408.37,13662.54,13197.86,13422.33,1245.55,49.07
2025-09-22,13435.96,13646.46,13058.03,13591.53,1189.03,50.46
2025-09-23,14097.52,14211.13,13249.07,13682.56,1402.17,50.76
2025-09-24,13342.21,13732.75,13172.39,13589.9,1100.72,49.98
2025-09-25,13466.59,14093.31,13263.83,13930.61,1290.95,50.82
2025-09-26,13831.96,14059.88,13491.77,13494.49,1074.27,48.78
2025-09-29,13411.65,13866.22,13404.39,13699.75,963.17,49.59
2025-09-30,13754.43,13996.23,13325.93,13400.32,1003.83,48.71
2025-10-09,13629.93,13847.28,13505.44,13532.68,1293.64,49.6
2025-10-10,13563.9,13680.87,13151.69,13221.06,1216.95,48.29
2025-10-13,12515.87,13054.8,12515.87,13054.8,1044.12,47.19
2025-10-14,13231.86,13232.91,12180.5,12224.34,1159.46,44.33
2025-10-15,12264.61,12545.27,12070.92,12529.86,928.83,45.86
2025-10-16,12407.78,12864.18,12407.78,12645.02,876.65,46.21
2025-10-17,12621.55,12690.05,12213.41,12218.82,941.27,44.34
2025-10-20,12725.5,13036.9,12523.76,12657.84,1008.28,45.87
2025-10-21,12758.83,13634.18,12707.87,13520.84,1252.96,49.24
2025-10-22,13352.09,13645.33,13308.63,13407.51,979.42,48.41
2025-10-23,13312.22,13320.92,12864.82,13161.03,780.72,47.41
2025-10-24,13366.46,13996.19,13159.46,13943.21,1150.55,50.07
2025-10-27,14298.77,14662.37,14221.3,14593.59,1400.47,52.75
2025-10-28,14386.4,15021.26,14383.11,14645.75,1269.04,53.09
2025-10-29,14980.94,15087.67,14594.09,14874.33,1379.27,55.14
2025-10-30,14598.26,14924.35,14344.81,14369.29,1458.93,53.13
2025-10-31,14264.22,14284.14,13593.24,13595.65,1246.11,49.94
2025-11-03,13484.78,13766.15,13320.7,13726.61,967.73,50.84
2025-11-04,13776.76,13939.71,13443.27,13548.23,838.97,50.03
2025-11-05,13139.87,13577.99,13137.87,13515.08,728.14,50.34
2025-11-06,13647.27,13925.53,13572.06,13855.77,947.41,51.47
2025-11-07,13642.73,13864.26,13452.34,13689.97,823.17,50.27
2025-11-10,13692.32,13777.89,13101.39,13555.08,1001.57,49.71
2025-11-11,13658.68,13695.38,13093.87,13134.39,875.77,47.91
2025-11-12,12949.18,13277.95,12784.89,13234.02,839.49,48.24
2025-11-13,13170.91,13233.46,12928.4,13162.36,684.98,47.93
2025-11-14,12893.4,12969.82,12725.36,12726.35,697.17,46.03
2025-11-17,12824.69,13024.3,12690.0,12859.22,671.32,46.48
2025-11-18,12708.23,13103.1,12666.16,12814.67,686.4,46.34
2025-11-19,12790.13,13160.49,12790.13,12954.39,774.31,46.77
2025-11-20,13416.74,13507.12,12944.22,13017.62,813.91,47.11
2025-11-21,12586.73,12644.24,12277.56,12301.51,873.1,44.26
2025-11-24,12428.31,12453.96,11888.7,12149.27,952.26,42.94
2025-11-25,12409.09,12863.16,12409.09,12581.72,1061.54,44.25
2025-11-26,12463.08,13607.39,12387.78,13318.77,1404.92,46.61
2025-11-27,13264.1,13891.65,13261.06,13363.83,1378.72,46.97
2025-11-28,13387.5,13524.41,13205.44,13403.5,943.39,47.13
2025-12-01,13517.03,13855.56,13324.9,13766.84,1143.37,47.92
2025-12-02,13810.58,14021.85,13731.98,13868.39,1129.7,48.46
2025-12-03,13890.96,14213.25,13716.89,13749.62,1272.14,48.29
2025-12-04,13589.02,13912.75,13468.46,13847.59,928.43,48.47
2025-12-05,13967.24,14125.61,13767.85,13992.66,1081.91,48.79
2025-12-08,14032.03,14941.91,14031.61,14749.24,1496.15,51.33
2025-12-09,14761.35,15347.28,14734.68,15218.41,1441.5,53.5
2025-12-10,15172.32,15426.37,14794.5,15342.05,1288.09,53.26
2025-12-11,15212.2,15370.18,14747.38,14775.93,1532.7,51.09
2025-12-12,14708.19,15093.68,14562.75,14939.28,1609.27,51.46
2025-12-15,14598.32,14862.72,14537.41,14569.24,1171.26,50.46
2025-12-16,14496.17,14528.16,14027.33,14141.45,1040.56,49.27
2025-12-17,14196.77,14948.94,14196.77,14926.3,1325.51,52.08
2025-12-18,14676.5,14939.65,14645.9,14646.83,1209.42,46.51
2025-12-19,14845.71,14981.86,14622.11,14742.54,1087.24,46.67
2025-12-22,15057.93,15506.42,15057.4,15431.18,1402.77,48.9
2025-12-23,15457.14,15566.27,15318.59,15420.49,1279.51,49.35
2025-12-24,15476.72,15712.31,15366.28,15712.31,1270.94,50.4
2025-12-25,15768.61,16017.39,15467.27,15740.07,1261.59,50.64
2025-12-26,15604.45,15714.23,15446.14,15586.79,1169.2,49.62
2025-12-29,15528.56,15789.48,15507.04,15616.37,1213.62,49.89
2025-12-30,15477.55,15871.58,15469.69,15630.74,1221.64,49.83
2025-12-31,15633.09,15752.61,15383.48,15460.42,1220.73,48.73
2026-01-05,15660.88,15787.51,15474.04,15742.68,1403.85,49.64
2026-01-06,15543.5,15699.99,15380.21,15689.69,1561.96,49.32
2026-01-07,15776.88,16015.0,15627.18,15842.41,1575.65,49.57
2026-01-08,15746.11,15850.93,15511.48,15712.79,1499.37,48.6
2026-01-09,15530.94,15820.61,15346.13,15757.17,1678.04,48.63
2026-01-12,15745.4,16233.62,15543.17,16168.59,1865.45,49.2
2026-01-13,16079.26,16162.24,15571.62,15621.72,1852.73,47.7
2026-01-14,15783.54,16077.5,15682.98,15891.12,2057.26,48.45
2026-01-15,15627.52,16054.57,15515.23,15993.12,1522.25,49.22
2026-01-16,16116.74,16268.28,15935.58,16065.72,1653.66,49.81
2026-01-19,15859.84,16090.93,15817.76,15829.89,1325.85,48.82
2026-01-20,15800.91,15829.82,15198.51,15326.15,1441.26,47.41
2026-01-21,15219.15,15610.46,15219.15,15493.03,1305.16,48.18
2026-01-22,15541.08,15907.05,15512.33,15898.65,1512.13,49.44
2026-01-23,15842.97,15854.3,15681.62,15761.53,1626.42,48.19
2026-01-26,15671.66,15781.25,15539.03,15600.83,1427.96,48.08
2026-01-27,15554.89,16077.7,15502.82,15988.67,1499.22,49.44
2026-01-28,16302.21,16343.38,15890.92,16067.99,1504.53,49.59
2026-01-29,16066.37,16212.68,15800.53,15842.38,1452.7,48.39
2026-01-30,15744.79,16476.79,15556.71,16339.79,1612.99,49.86
2026-02-02,16452.66,16757.44,15855.94,15855.94,1792.86,48.18
2026-02-03,16199.36,16487.48,15761.94,16316.63,1794.81,49.19
2026-02-04,16037.4,16114.15,15493.0,15813.22,1643.97,47.49
2026-02-05,15532.06,15704.37,15335.87,15419.75,1167.27,46.67
2026-02-06,15213.41,15632.76,15121.96,15301.24,1259.6,46.36
2026-02-09,15812.72,16279.38,15583.94,16151.42,1552.72,48.66
2026-02-10,16135.06,16364.59,16084.41,16147.12,1151.18,48.79
2026-02-11,16029.74,16320.09,15775.55,15798.59,1197.29,47.76
2026-02-12,15869.77,16175.19,15857.4,16078.35,1256.7,48.56
2026-02-13,15898.25,15969.55,15702.13,15717.57,991.91,47.6
2026-02-24,16028.36,16504.75,15947.69,16223.05,1261.41,49.19
2026-02-25,16245.87,16320.62,15996.82,16294.04,1127.26,49.69
2026-02-26,16362.58,16805.74,16305.84,16713.89,1321.38,50.83
2026-02-27,16273.91,16485.43,16183.96,16465.99,1441.73,49.57
2026-03-02,16134.19,16959.26,16134.19,16790.74,1754.6,50.4
2026-03-03,16922.72,17136.75,16215.26,16239.66,1766.53,49.19
2026-03-04,15939.82,16358.25,15937.18,16048.16,1130.44,48.35
2026-03-05,16426.52,16881.99,16146.43,16480.21,1498.49,49.56
2026-03-06,16320.79,16503.61,16010.14,16292.69,1159.96,48.93
2026-03-09,15680.93,15868.25,15209.34,15809.01,1331.09,47.4
2026-03-10,16173.34,16561.54,16145.35,16550.97,1343.88,49.6
2026-03-11,16724.24,17050.15,16566.58,16592.95,1457.06,49.7
2026-03-12,16568.35,16855.34,16121.45,16367.07,1320.63,48.94
2026-03-13,16136.18,16464.09,16087.74,16207.85,1100.26,48.59
2026-03-16,16199.79,16300.26,15900.47,16259.58,1167.17,48.79
2026-03-17,16292.49,16323.34,15382.15,15414.84,1238.47,46.38
2026-03-18,15648.58,16126.56,15524.3,16123.7,1237.41,48.41
2026-03-19,15873.82,16250.28,15842.01,15950.2,1107.25,47.74
2026-03-20,16479.02,16766.96,16205.54,16222.99,1634.31,48.62
2026-03-23,15713.79,16044.92,15372.24,15479.33,1231.55,46.49
2026-03-24,15661.01,15842.83,15250.77,15842.16,1093.87,47.6
2026-03-25,16318.13,16586.62,16171.0,16446.66,1400.57,49.46
2026-03-26,16382.85,16638.89,16092.49,16145.36,1161.38,48.66
2026-03-27,15757.72,16302.24,15638.57,16090.58,1027.2,48.41
2026-03-30,15819.37,16395.32,15817.89,16325.95,1014.74,48.84
2026-03-31,16069.98,16449.13,15905.31,16073.21,1254.54,48.54
2026-04-01,16600.13,16603.15,16189.42,16580.46,1246.28,50.3
2026-04-02,16418.59,16681.84,16220.43,16286.8,1085.29,49.41
2026-04-03,16619.51,17055.68,16583.21,16721.6,1315.53,50.66
2026-04-07,16747.39,16942.25,16513.13,16753.74,1172.79,50.93
2026-04-08,17336.79,17921.54,17142.9,17918.7,1781.01,54.62
2026-04-09,17660.89,18159.54,17651.52,18104.43,1645.22,54.92
2026-04-10,18196.57,18578.36,18037.84,18439.82,1841.57,56.18
2026-04-13,18274.76,18422.89,18025.0,18318.62,1530.09,55.77
2026-04-14,18504.38,18955.51,18451.78,18686.41,1692.36,57.28
2026-04-15,18820.96,19024.75,18220.49,18397.46,1717.67,56.39
2026-04-16,18348.41,19052.64,18310.49,19037.7,1531.54,58.29
2026-04-17,19288.96,19970.56,19255.94,19941.34,1855.52,60.91
2026-04-20,20058.68,20529.16,20008.45,20194.78,1976.31,61.55
2026-04-21,19909.12,20210.9,19735.02,20168.0,1751.11,61.54
2026-04-22,20042.98,21300.68,20042.98,21267.12,2151.81,65.22
2026-04-23,21278.92,21569.66,20732.45,21053.29,2341.81,64.84
2026-04-24,20563.23,20804.66,19830.18,20207.46,2417.27,62.39
2026-04-27,20401.53,20675.12,20250.92,20423.46,2061.11,63.05
2026-04-28,20377.33,20377.33,19868.4,20028.51,1781.27,62.18
2026-04-29,19779.65,20207.38,19618.97,20001.76,1515.22,61.79
2026-04-30,20172.25,20238.29,19609.33,19913.72,1655.99,60.88
2026-05-06,20313.57,20738.0,20109.34,20373.48,2095.61,50.73
2026-05-07,20614.78,21298.49,20239.87,21275.12,2158.28,52.66
2026-05-08,20917.42,21616.21,20904.6,21514.51,1872.87,53.03
2026-05-11,21917.28,22394.46,21377.41,22320.22,2537.15,55.13
2026-05-12,22604.91,22952.9,22367.66,22672.42,2482.51,56.01
2026-05-13,22359.46,23460.26,22359.46,23448.11,2323.16,58.56
2026-05-14,23916.11,23995.77,23065.45,23282.25,2552.5,58.19
2026-05-15,23331.11,23609.21,22236.63,22654.27,2402.83,56.77
2026-05-18,22397.62,23259.44,22397.17,22933.37,2018.9,57.44
2026-05-19,22709.54,22868.1,21802.71,22808.62,2052.1,57.11
2026-05-20,22675.4,23160.12,22580.66,22930.43,1959.34,57.31
2026-05-21,23098.1,23148.89,21706.87,21751.62,2071.49,54.48
2026-05-22,22025.35,22786.12,21932.74,22746.18,1888.71,56.78
2026-05-25,22964.81,23625.99,22481.77,23621.46,2158.7,58.85
2026-05-26,23402.98,23559.2,22960.78,23413.73,2080.44,58.46
2026-05-27,23217.63,23991.39,23080.66,23305.81,2096.14,58.33
2026-05-28,23181.15,24508.71,22838.26,24417.7,2245.92,61.47
2026-05-29,24589.27,24818.95,23815.4,23995.06,2763.12,60.48
2026-06-01,23979.71,24126.38,23124.84,23173.98,2132.74,58.69
2026-06-02,23433.49,24784.11,23379.67,24659.24,2460.15,62.69
2026-06-03,25283.16,26728.02,25283.16,25856.51,2997.77,65.48
2026-06-04,25406.39,26016.87,25405.43,25774.08,2249.42,64.93
2026-06-05,25741.1,26710.88,24829.8,25100.01,3200.1,62.44
2026-06-08,23906.57,24941.35,23902.79,24193.78,2523.36,60.09
2026-06-09,24606.48,25571.44,24456.22,25534.46,2536.82,63.3
2026-06-10,24969.75,25265.67,24343.55,24620.53,2085.79,60.92
2026-06-11,24444.37,25105.54,23571.5,24195.03,2238.92,57.25
2026-06-12,24962.7,24981.67,23871.44,23931.34,2409.58,56.47
2026-06-15,24290.61,25417.58,23623.91,25417.28,2478.42,60.77
2026-06-16,25637.86,26459.29,25572.9,26161.61,2532.72,62.0
2026-06-17,25788.88,26548.36,25763.15,26547.57,2374.42,62.74
2026-06-18,26334.19,27720.1,26333.56,27527.44,2710.61,65.77
2026-06-22,27876.51,28313.65,27123.8,28012.4,2857.48,66.85
2026-06-23,28029.41,28075.61,26865.18,27163.58,2648.21,64.41
2026-06-24,26928.64,27714.82,26915.21,27607.23,2418.28,65.52
2026-06-25,27831.99,28552.2,27331.48,28501.86,3044.96,67.11
2026-06-26,27898.73,27898.73,26359.26,26574.42,2860.81,62.42
2026-06-29,26313.22,26921.79,25016.89,25898.91,2411.2,61.01
2026-06-30,26144.34,27382.69,25935.34,27149.98,2236.07,63.95
2026-07-01,27118.33,27503.0,25643.96,25972.7,2363.51,61.36
2026-07-02,24803.83,24955.59,23733.94,23850.09,2164.32,56.41
2026-07-03,23701.35,24679.3,23608.77,23842.43,1929.9,56.43
2026-07-06,24123.15,24152.91,22526.86,22985.35,1882.96,54.8
2026-07-07,22921.45,23365.95,22465.5,22992.99,1674.13,54.94
2026-07-08,23266.47,23699.6,22610.7,22870.74,1765.46,55.2
2026-07-09,23281.02,24316.64,22673.88,24295.45,2356.32,58.51
2026-07-10,24697.23,25026.46,23538.93,23540.56,2790.48,56.01
2026-07-13,23229.74,23667.88,22172.2,22398.43,1926.45,53.85
2026-07-14,22485.32,23568.97,22005.82,23568.96,2220.88,56.72
2026-07-15,23728.37,23862.27,22877.99,22964.42,1829.48,55.44
2026-07-16,22238.49,23047.27,21867.73,22115.58,1772.3,53.65
2026-07-17,21538.08,21600.36,19488.31,19828.6,2176.78,48.16
2026-07-20,20516.16,20722.59,18906.22,19546.69,2103.48,47.92
